Date,Meal,Calories,Fat (g),Saturated Fat,Polyunsaturated Fat,Monounsaturated Fat,Trans Fat,Cholesterol,Sodium (mg),Potassium,Carbohydrates (g),Fiber,Sugar,Protein (g),Vitamin A,Vitamin C,Calcium,Iron,Note
2020-02-14,Breakfast,1816.8,60.2,17.9,9.2,12.1,0.0,900.0,947.5,703.3,215.1,41.2,92.6,85.4,138.4,40.9,102.2,56.5,
2020-02-14,Lunch,947.9,40.6,3.4,8.9,22.7,0.0,0.0,1.9,527.8,113.8,28.8,45.4,31.4,0.0,0.0,19.4,28.8,
2020-02-14,Dinner,557.0,13.5,3.7,0.0,0.0,0.0,172.0,114.0,0.0,18.3,3.0,18.3,59.8,0.0,0.0,0.0,30.0,
2020-02-15,Breakfast,380.0,14.0,9.0,0.0,0.0,0.0,60.0,300.0,0.0,36.0,0.0,34.0,24.0,30.0,0.0,80.0,0.0,
2020-03-16,Breakfast,324.0,2.4,0.3,0.0,0.0,0.0,0.0,0.9,0.0,60.0,12.6,18.0,10.8,0.0,0.0,0.0,10.5,
2020-04-06,Breakfast,601.8,7.2,3.1,0.0,0.0,0.0,20.0,1.3,0.0,86.0,14.1,32.1,42.1,0.0,0.0,42.0,11.7,
2020-04-06,Lunch,252.3,10.2,3.9,1.1,2.9,0.0,0.0,12.1,652.3,23.9,3.0,7.4,15.1,79.4,31.9,20.2,2.5,
2020-04-06,Dinner,570.0,11.2,0.0,0.0,0.0,0.0,0.0,296.0,0.0,4.0,0.0,0.0,70.0,0.0,0.0,0.0,0.0,
2020-04-06,Snacks,662.0,16.5,9.0,0.0,0.0,0.0,0.0,370.2,12700.0,72.6,11.8,54.0,55.8,0.0,0.0,0.0,6.0,
2020-04-07,Breakfast,698.8,10.0,4.7,0.0,0.0,0.0,32.0,1.4,0.0,107.9,16.5,55.0,27.0,0.0,0.0,64.0,11.7,
2020-04-07,Lunch,246.3,2.2,0.2,0.3,0.1,0.0,0.0,12.1,652.3,29.8,3.0,7.3,15.0,79.4,31.9,20.2,2.5,
2020-04-07,Dinner,686.5,12.1,0.1,0.2,0.0,0.0,0.0,315.8,318.0,13.5,1.0,2.0,76.6,0.0,3.0,0.0,2.0,
2020-04-07,Snacks,493.0,16.5,9.3,0.0,0.0,0.0,0.0,0.2,0.0,51.3,10.0,37.8,36.2,0.0,0.0,0.0,6.0,
2020-04-08,Breakfast,698.8,10.0,4.7,0.0,0.0,0.0,32.0,1.4,0.0,107.9,16.5,55.0,27.0,0.0,0.0,64.0,11.7,
2020-04-08,Lunch,133.0,0.0,0.0,0.0,0.0,0.0,0.0,0.0,479.7,23.1,6.9,14.1,2.3,0.0,0.0,11.3,7.8,
2020-04-08,Dinner,872.3,19.4,5.2,0.3,0.1,0.0,0.0,871.0,652.3,85.5,18.6,16.5,84.6,79.4,31.9,20.2,2.5,
2020-04-08,Snacks,323.0,12.0,5.8,0.0,0.0,0.0,0.0,41.0,0.0,28.0,2.5,2.0,21.0,0.0,0.0,2.0,0.0,
2020-04-09,Breakfast,550.8,7.2,0.7,1.2,2.8,0.0,0.0,581.0,0.0,96.8,15.7,37.7,14.8,0.0,0.0,62.0,11.7,
2020-04-09,Lunch,499.3,12.5,5.9,0.4,0.1,0.0,0.0,1163.1,2243.7,67.3,10.9,27.1,31.6,335.9,101.1,50.4,22.8,
2020-04-09,Dinner,626.5,12.3,0.1,0.0,0.0,0.0,0.0,410.8,0.0,7.2,1.5,2.8,75.5,0.0,0.0,0.0,0.0,
2020-04-09,Snacks,459.5,16.6,6.9,1.2,2.8,0.0,0.0,890.1,0.0,47.2,12.0,11.7,29.4,0.0,0.0,60.0,0.0,
2020-04-10,Breakfast,369.0,9.6,1.2,0.0,0.0,0.0,0.0,637.6,0.0,40.0,8.0,11.4,25.1,4.0,0.0,0.0,0.0,
2020-04-10,Lunch,726.7,27.4,6.6,0.3,0.1,0.0,185.0,1422.2,652.3,77.0,9.0,10.0,46.8,79.4,31.9,20.2,2.5,
2020-04-10,Dinner,836.8,14.9,0.3,0.3,0.1,0.0,0.0,702.1,652.3,32.4,3.4,7.8,91.5,79.4,31.9,20.2,2.5,
2020-04-10,Snacks,520.3,15.3,5.8,1.3,2.8,0.0,0.0,697.0,148.0,66.8,12.3,33.9,25.2,1.0,8.0,61.0,2.3,
2020-04-11,Breakfast,593.5,20.3,7.6,0.7,2.0,0.0,367.0,418.1,126.0,53.5,7.0,9.8,26.9,10.0,0.0,4.0,6.0,
2020-04-11,Lunch,581.5,13.5,5.1,1.0,2.1,0.0,367.0,947.2,778.3,55.6,7.4,12.7,43.7,89.4,31.9,24.2,8.5,
2020-04-11,Dinner,551.5,10.0,0.0,0.0,0.0,0.0,0.0,222.0,0.0,14.2,0.0,0.0,64.9,0.0,0.0,0.0,0.0,
2020-04-11,Snacks,692.3,21.2,9.0,1.3,2.8,0.0,0.0,1017.2,148.0,89.5,13.8,39.5,28.6,1.0,8.0,61.0,2.3,
2020-04-12,Breakfast,623.0,20.3,7.7,2.3,4.2,0.0,180.0,615.0,283.5,63.2,8.0,7.1,38.3,9.0,0.0,21.5,19.1,
2020-04-12,Lunch,758.4,11.0,5.0,0.2,0.0,0.0,0.0,675.2,448.7,40.4,8.3,8.9,123.2,41.2,20.4,16.5,2.3,
2020-04-12,Dinner,129.0,0.5,0.1,0.0,0.0,0.0,0.0,321.1,0.0,8.1,0.1,8.0,23.5,4.0,0.0,0.0,0.0,
2020-04-12,Snacks,1038.3,37.7,19.0,1.2,2.8,0.0,0.0,1096.6,0.0,143.6,16.3,46.2,35.6,0.0,0.0,60.0,1.3,
2020-04-13,Breakfast,608.5,16.7,4.4,1.1,1.3,0.0,211.0,927.2,277.5,64.7,12.3,6.8,41.9,16.3,0.0,12.1,14.0,
2020-04-13,Dinner,1132.5,60.3,0.3,0.0,0.0,0.0,0.0,1202.5,12.0,29.7,0.1,26.7,87.1,10.0,0.9,5.4,0.1,
2020-04-13,Snacks,792.0,28.9,14.9,0.0,0.0,0.0,0.0,192.2,195.0,97.7,9.9,29.9,42.5,0.0,0.0,0.0,2.0,
2020-04-14,Breakfast,729.5,23.9,8.0,2.2,2.5,0.0,211.0,430.0,492.0,66.8,9.6,1.4,19.2,16.3,0.0,50.0,27.0,
2020-04-14,Lunch,377.4,3.5,1.7,1.5,2.6,0.0,92.6,315.3,549.1,46.8,4.9,4.9,42.4,41.2,19.5,11.1,6.2,
2020-04-14,Dinner,405.1,5.5,2.9,0.0,0.0,0.0,0.0,567.3,0.0,29.6,0.1,10.1,57.1,0.0,0.0,0.0,0.0,
2020-04-14,Snacks,997.0,28.2,14.7,0.0,0.0,0.0,0.0,901.0,150.0,120.2,15.6,17.1,55.7,0.0,0.0,0.0,2.0,
2020-04-15,Breakfast,635.1,13.9,2.7,2.3,4.1,0.0,211.0,1256.4,277.5,53.9,6.2,14.4,37.6,16.3,0.0,62.5,14.0,
2020-04-15,Lunch,709.9,15.8,6.5,0.2,0.0,0.0,0.0,984.8,436.7,86.7,11.2,11.9,57.6,41.2,19.5,15.1,22.2,
2020-04-15,Dinner,759.2,8.5,0.6,0.0,0.0,0.0,145.5,499.4,317.5,60.5,7.3,1.2,89.7,0.0,3.5,0.0,2.4,
2020-04-15,Snacks,370.0,10.1,6.0,0.0,0.0,0.0,0.0,0.0,0.0,49.9,5.8,16.6,20.5,0.0,1250.0,0.0,0.0,
2020-04-16,Breakfast,586.8,11.1,1.8,2.0,3.4,0.0,0.0,1225.9,214.5,74.5,10.1,10.4,38.2,0.0,0.0,49.5,23.0,
2020-04-16,Lunch,372.9,9.3,2.2,0.0,0.0,0.0,0.0,1176.0,0.0,55.2,3.2,1.9,21.9,22.2,9.9,4.0,20.0,
2020-04-16,Dinner,480.8,3.8,1.1,0.2,0.0,0.0,0.0,748.1,448.7,68.6,7.9,8.3,40.7,41.2,20.4,16.5,2.3,
2020-04-16,Snacks,963.7,36.5,20.6,21.8,0.0,0.0,0.0,106.7,0.0,91.0,16.8,49.4,52.0,0.0,12.3,0.0,0.0,
2020-04-17,Breakfast,701.9,17.2,4.3,1.7,2.7,0.0,0.0,1142.7,214.5,109.1,9.2,10.2,24.9,0.0,0.0,36.5,33.0,
2020-04-17,Lunch,168.0,3.4,0.1,0.1,0.0,0.0,0.0,1.2,422.4,30.0,3.1,14.4,1.3,3.5,10.3,5.9,0.3,
2020-04-17,Dinner,243.1,8.1,2.5,1.2,2.8,0.0,0.0,884.7,317.5,30.7,7.5,11.3,9.6,0.0,3.5,60.0,2.4,
2020-04-17,Snacks,1352.0,26.2,10.3,0.2,0.0,0.0,134.5,494.9,436.7,129.7,19.7,36.9,126.1,41.2,19.5,11.1,2.2,
2020-04-18,Breakfast,760.6,21.5,9.7,1.1,1.3,0.0,0.0,170.0,214.5,65.0,17.8,4.3,73.7,0.0,0.0,2.5,13.0,
2020-04-18,Lunch,514.1,11.2,4.7,0.0,0.0,0.0,245.0,1009.8,150.0,15.7,13.1,8.4,81.1,5.8,0.0,2.9,7.8,
2020-04-18,Dinner,764.8,16.8,2.4,0.3,0.1,0.0,0.0,1281.7,652.3,123.0,12.2,8.4,31.2,79.4,31.9,20.2,2.5,
2020-04-18,Snacks,547.4,15.2,6.6,1.1,2.7,0.0,0.0,551.2,0.0,58.6,6.7,31.1,49.7,0.0,0.0,57.0,0.0,
2020-04-19,Breakfast,847.0,17.8,5.1,1.7,2.7,0.0,0.0,765.7,214.5,81.6,17.9,12.1,81.7,0.0,0.0,32.5,13.0,
2020-04-19,Lunch,745.1,25.8,12.3,0.0,0.0,0.0,245.0,2099.1,209.5,85.8,4.2,16.7,43.8,40.8,2.3,2.9,37.4,
2020-04-19,Dinner,269.6,2.7,0.6,0.2,0.0,0.0,0.0,103.6,436.7,48.1,8.0,6.1,11.5,100.4,45.9,11.1,2.2,
2020-04-19,Snacks,686.6,22.2,11.5,0.0,0.0,0.0,0.0,41.3,0.0,58.9,7.4,20.3,66.6,0.0,0.0,0.0,0.0,
2020-04-20,Breakfast,642.8,12.3,1.6,3.1,6.1,0.0,0.0,953.0,214.5,66.7,9.3,35.0,61.4,0.0,0.0,104.5,13.0,
2020-04-20,Lunch,536.6,3.0,0.7,0.3,0.1,0.0,0.0,66.5,652.3,87.2,11.8,9.8,38.4,79.4,31.9,20.2,2.5,
2020-04-20,Dinner,304.3,3.1,0.7,0.0,0.0,0.0,0.0,120.0,0.0,52.1,7.8,1.5,12.8,74.0,33.0,0.0,0.0,
2020-04-20,Snacks,1272.0,14.7,6.6,0.0,0.0,0.0,0.0,144.0,0.0,79.6,10.5,27.2,22.6,0.0,0.0,0.0,0.0,
2020-04-21,Breakfast,216.2,4.8,0.6,1.1,2.7,0.0,0.0,532.0,0.0,13.3,1.5,10.3,28.8,0.0,0.0,57.0,0.0,
2020-04-21,Lunch,361.6,7.4,1.0,2.0,3.4,0.0,0.0,421.0,214.5,38.7,5.4,9.0,32.5,0.0,0.0,47.5,13.0,
2020-04-21,Dinner,669.7,14.0,1.6,0.5,0.1,0.0,0.0,55.1,1109.3,105.4,13.6,18.0,35.2,225.4,381.1,23.2,17.5,
2020-04-21,Snacks,770.0,32.6,19.1,0.0,0.0,0.0,0.0,631.0,0.0,103.6,3.0,66.5,9.0,0.0,0.0,0.0,0.0,
2020-04-22,Breakfast,511.8,8.9,1.3,2.2,4.0,0.0,0.0,533.0,214.5,44.8,5.7,12.1,60.1,0.0,0.0,59.5,13.0,
2020-04-22,Lunch,583.0,7.3,0.0,0.0,0.0,0.0,176.4,599.8,0.0,13.4,3.0,0.6,93.5,0.0,0.0,0.0,0.0,
2020-04-22,Dinner,601.1,30.9,11.2,0.7,1.9,0.0,186.0,1108.0,176.0,32.8,9.0,11.4,43.8,23.5,162.3,7.0,5.0,
2020-04-22,Snacks,678.3,21.1,9.9,1.1,2.5,0.0,0.0,1166.1,0.0,80.0,8.9,24.7,29.0,0.0,0.0,53.3,0.0,
2020-04-23,Breakfast,628.7,12.6,1.7,3.3,6.1,0.0,0.0,960.6,651.2,65.4,8.8,24.2,63.1,41.2,19.5,115.6,15.2,
2020-04-23,Dinner,977.6,42.9,13.4,0.0,0.0,0.0,0.0,3052.4,0.0,62.2,4.8,7.5,82.7,0.4,0.0,9.2,10.4,
2020-04-23,Snacks,804.8,25.0,14.6,0.7,1.9,0.0,186.0,1532.0,0.0,98.0,26.6,50.7,34.1,5.0,0.0,59.3,5.0,
2020-04-24,Breakfast,760.5,10.8,4.3,0.0,0.0,0.0,52.9,270.6,1.1,90.1,22.5,1.3,41.3,0.0,0.0,0.8,0.2,
2020-04-24,Lunch,480.6,8.1,4.4,1.2,1.3,0.0,0.0,2.7,636.9,69.3,7.3,23.8,33.0,3.5,10.3,68.4,13.3,
2020-04-24,Dinner,758.9,4.7,1.0,0.0,0.0,0.0,0.0,203.3,0.0,127.3,13.3,4.1,45.5,73.8,32.5,0.0,0.0,
2020-04-24,Snacks,356.1,4.2,0.2,0.0,0.0,0.0,0.0,0.0,0.0,39.3,5.0,1.2,33.7,0.0,0.0,0.0,0.0,
2020-04-25,Breakfast,879.0,18.2,4.0,0.7,1.9,0.0,283.0,1730.0,0.6,71.0,13.9,12.9,85.4,5.0,0.0,3.4,5.1,
2020-04-25,Lunch,610.3,9.3,0.7,0.1,0.0,0.0,0.0,1671.8,215.7,105.7,4.0,4.8,24.8,93.6,45.3,17.1,0.2,
2020-04-25,Dinner,562.4,12.9,7.3,0.7,1.9,0.0,186.0,908.1,0.0,25.8,18.9,10.3,76.7,5.0,0.0,18.0,5.0,
2020-04-25,Snacks,316.0,8.4,4.2,0.0,0.0,0.0,0.0,320.0,0.0,33.0,6.4,2.5,23.8,0.0,0.0,0.0,0.0,
2020-04-26,Breakfast,774.8,14.3,5.9,0.7,1.9,0.0,186.0,687.6,0.0,81.0,6.0,10.2,78.2,5.0,0.0,60.0,5.0,
2020-04-26,Lunch,601.9,16.3,5.1,1.2,1.6,0.0,0.0,1545.1,772.2,64.1,13.8,25.2,47.6,80.7,90.9,34.0,15.6,
2020-04-26,Dinner,181.0,3.5,0.5,1.1,1.3,0.0,0.0,1.0,214.5,30.3,4.2,0.6,5.2,0.0,0.0,2.5,13.0,
2020-04-26,Snacks,848.0,53.0,29.8,0.0,0.0,0.0,0.0,41.1,0.0,64.8,2.5,2.0,30.7,0.0,0.0,0.0,0.0,
2020-04-27,Breakfast,683.3,11.0,3.2,1.0,2.0,0.0,186.0,848.7,221.0,86.5,7.3,12.6,60.2,8.0,28.7,5.0,7.0,
2020-04-27,Lunch,439.0,14.1,2.3,0.0,0.0,0.0,0.0,1108.0,0.0,57.1,3.5,3.5,20.0,0.0,0.0,0.0,0.0,
2020-04-27,Dinner,424.0,7.2,3.5,1.1,1.3,0.0,0.0,321.6,214.5,54.4,4.7,8.0,33.0,0.0,0.0,47.5,13.0,
2020-04-27,Snacks,908.0,43.0,21.7,0.0,0.0,0.0,0.0,250.0,0.0,102.5,6.3,68.9,10.5,0.0,0.0,0.0,0.0,
2020-04-28,Breakfast,820.2,37.1,12.7,1.0,2.0,0.0,186.0,699.4,808.8,58.1,13.2,39.2,54.4,8.0,263.3,11.0,9.4,
2020-04-28,Lunch,352.6,7.4,3.9,0.2,0.3,0.0,0.0,517.0,368.7,63.6,6.4,22.6,8.8,3.1,9.0,5.2,0.3,
2020-04-28,Dinner,1105.2,22.7,4.3,2.1,3.7,0.0,0.0,1810.1,214.5,156.0,12.9,24.4,64.1,0.0,0.0,47.5,13.0,
2020-04-28,Snacks,127.0,3.0,1.8,0.0,0.0,0.0,0.0,900.0,0.0,23.1,5.1,7.3,2.4,0.0,0.0,0.0,0.0,
2020-04-29,Breakfast,772.7,4.1,0.5,0.3,0.1,0.0,0.0,895.8,371.0,117.3,6.1,9.8,63.6,3.0,28.7,2.0,2.0,
2020-04-29,Lunch,483.7,14.2,2.3,0.0,0.0,0.0,0.0,1114.9,543.7,64.8,7.1,6.8,25.6,16.8,13.6,2.2,14.7,
2020-04-29,Snacks,1286.2,57.9,27.6,2.1,3.7,0.0,0.0,590.2,214.5,141.2,7.9,84.4,46.7,0.0,0.0,47.5,13.0,
2020-04-30,Breakfast,705.8,6.9,0.4,0.2,0.0,0.0,110.2,386.9,699.6,61.7,1.2,7.6,69.5,29.6,41.9,4.7,4.7,
2020-04-30,Lunch,383.2,6.3,1.4,0.1,0.0,0.0,0.0,1.4,496.3,70.3,5.0,28.3,8.0,4.1,11.7,21.8,0.4,
2020-04-30,Dinner,722.4,23.5,2.1,0.0,0.0,0.0,0.0,650.0,0.0,81.6,1.8,3.1,38.6,0.0,0.0,0.0,0.0,
2020-04-30,Snacks,689.3,18.3,5.2,0.0,0.0,0.0,0.0,959.4,0.0,93.6,8.7,27.9,36.5,0.0,0.0,45.0,0.0,
2020-05-01,Breakfast,865.8,22.4,0.0,0.0,0.0,0.0,0.0,4.0,0.0,136.0,0.9,4.0,40.0,0.0,0.0,0.0,0.0,
2020-05-01,Lunch,366.7,21.3,0.2,0.2,0.0,0.0,0.0,159.8,934.4,18.4,6.8,10.0,34.9,117.0,60.8,12.3,6.1,
2020-05-01,Dinner,557.0,5.5,3.2,0.0,0.0,0.0,0.0,1858.6,0.0,63.5,2.3,11.9,57.1,0.0,0.0,45.0,0.0,
2020-05-01,Snacks,692.0,6.7,3.1,0.0,0.0,0.0,0.0,1160.0,0.0,129.7,14.5,50.0,17.7,0.0,0.0,0.0,0.0,
2020-05-02,Breakfast,419.0,11.7,7.0,0.0,0.0,0.0,0.0,187.0,0.0,60.6,11.0,41.0,5.4,0.0,0.0,0.0,0.0,
2020-05-02,Lunch,648.7,18.1,3.6,1.8,2.4,0.0,0.0,1286.3,754.2,84.9,15.3,15.8,33.1,96.7,47.8,11.1,4.6,
2020-05-02,Dinner,661.1,7.7,4.0,0.0,0.0,0.0,0.0,791.4,30.2,81.6,3.6,24.0,62.6,0.6,0.2,100.1,0.3,
2020-05-02,Snacks,559.0,31.7,19.1,0.0,0.0,0.0,0.0,740.0,0.0,57.9,0.0,52.6,10.6,0.0,0.0,0.0,0.0,
2020-05-03,Breakfast,345.0,10.7,6.1,0.0,0.0,0.0,0.0,530.0,0.0,51.4,0.2,36.5,5.3,0.0,0.0,8.0,2.0,
2020-05-03,Lunch,746.0,11.5,1.2,0.2,0.0,0.0,0.0,925.6,436.7,120.2,9.6,12.8,40.2,78.2,36.0,11.1,2.2,
2020-05-03,Dinner,725.1,11.1,4.8,0.8,1.9,0.0,186.0,1913.5,360.9,89.0,6.8,24.0,64.7,8.5,8.6,92.9,5.5,
2020-05-03,Snacks,564.0,33.0,20.0,0.0,0.0,0.0,0.0,330.6,0.0,60.5,0.0,56.0,5.4,0.0,0.0,0.0,0.0,
2020-05-04,Breakfast,309.0,7.9,4.4,0.0,0.0,0.0,0.0,170.0,0.0,50.7,5.0,31.7,2.6,0.0,0.0,0.0,0.0,
2020-05-04,Lunch,897.8,7.7,0.9,0.3,0.1,0.0,83.8,448.9,992.0,18.4,7.4,20.0,52.8,153.4,68.7,20.2,5.0,
2020-05-04,Dinner,648.4,5.7,3.3,0.1,0.0,0.0,0.0,1215.7,358.0,86.4,4.8,24.2,59.3,3.0,8.7,50.0,0.3,
2020-05-04,Snacks,595.8,27.1,15.6,0.0,0.0,0.0,0.0,1004.0,0.0,58.9,6.0,33.6,28.8,0.0,0.0,0.0,0.0,
2020-05-05,Breakfast,217.0,4.0,0.6,0.0,0.0,0.0,0.0,400.6,0.0,40.0,4.2,31.3,4.5,0.0,0.0,30.0,0.0,
2020-05-05,Lunch,497.9,8.8,3.2,0.1,0.0,0.0,0.0,1116.0,221.0,84.7,8.6,10.4,15.1,91.8,46.6,2.0,2.0,
2020-05-05,Dinner,792.6,16.5,5.8,0.0,0.0,0.0,0.0,978.7,13.0,90.0,7.8,23.7,61.2,0.0,0.0,60.0,0.0,
2020-05-05,Snacks,473.0,20.9,12.4,0.0,0.0,0.0,0.0,401.8,0.0,53.7,7.8,25.8,4.9,0.0,0.0,0.0,0.0,
2020-05-06,Breakfast,95.0,0.1,0.0,0.0,0.0,0.0,0.0,0.0,0.0,19.7,2.4,15.7,2.1,0.0,0.0,0.0,0.0,
2020-05-06,Lunch,607.0,16.5,1.0,0.0,0.0,0.0,0.0,1550.0,0.0,84.6,3.3,3.0,28.3,0.0,0.0,0.0,0.0,
2020-05-06,Dinner,704.0,9.2,3.0,0.1,0.0,0.0,0.0,753.0,371.0,129.6,11.4,34.3,20.2,3.0,8.7,20.0,0.3,
2020-05-06,Snacks,1115.0,42.4,22.7,0.0,0.0,0.0,0.0,1121.6,0.0,125.1,2.6,74.9,54.4,0.0,0.0,45.0,0.0,
2020-05-07,Breakfast,95.0,0.1,0.0,0.0,0.0,0.0,0.0,0.0,0.0,19.7,2.4,15.7,2.1,0.0,0.0,0.0,0.0,
2020-05-07,Lunch,1203.6,13.9,0.5,0.2,0.0,0.0,132.3,1263.6,785.9,130.6,8.4,8.6,123.2,41.2,23.4,11.1,4.8,
2020-05-07,Dinner,849.4,13.5,7.1,0.1,0.0,0.0,0.0,768.1,392.6,117.5,8.1,45.5,62.6,3.8,8.9,115.1,0.7,
2020-05-07,Snacks,475.0,25.2,13.0,0.0,0.0,0.0,0.0,820.3,0.0,51.3,6.3,17.5,5.6,0.0,0.0,0.0,0.0,
2020-05-08,Breakfast,95.0,0.1,0.0,0.0,0.0,0.0,0.0,0.0,0.0,19.7,2.4,15.7,2.1,0.0,0.0,0.0,0.0,
2020-05-08,Lunch,760.4,9.1,0.1,0.2,0.0,0.0,132.3,459.1,533.2,72.1,5.1,7.7,82.9,41.2,19.5,11.1,4.0,
2020-05-08,Dinner,1114.6,27.6,14.7,0.1,0.0,0.0,0.0,1200.6,379.6,149.4,8.5,54.2,66.3,3.8,8.9,55.1,0.7,
2020-05-08,Snacks,443.3,14.0,9.0,0.0,0.0,0.0,0.0,933.2,0.0,46.8,0.2,27.7,29.8,0.0,0.0,45.0,0.0,
2020-05-09,Breakfast,134.0,0.4,0.1,0.1,0.0,0.0,0.0,2.0,227.0,33.3,5.1,22.0,2.2,1.0,8.0,1.0,1.0,
2020-05-09,Lunch,634.8,5.0,0.7,0.2,0.0,0.0,0.0,119.7,436.7,89.1,4.4,6.9,58.0,85.5,39.0,11.1,2.2,
2020-05-09,Dinner,745.1,11.1,6.3,0.1,0.0,0.0,0.0,767.8,343.8,100.6,6.2,32.5,59.4,3.5,8.0,99.6,0.6,
2020-05-09,Snacks,895.7,42.9,16.5,0.0,0.0,0.0,5.0,1233.3,0.0,77.9,13.7,29.0,49.8,0.0,3.3,6.7,6.7,
2020-05-10,Breakfast,885.4,6.5,0.3,0.2,0.0,0.0,97.0,2549.2,638.2,124.5,9.8,10.1,70.3,42.2,49.5,12.1,5.0,
2020-05-10,Lunch,607.5,12.8,6.0,1.5,0.0,0.0,0.0,825.0,358.0,99.9,6.6,35.3,21.5,3.0,8.7,20.0,0.3,
2020-05-10,Snacks,891.0,40.1,21.9,0.0,0.0,0.0,0.0,936.0,0.0,82.3,14.2,30.4,47.0,0.0,0.0,0.0,0.0,
2020-05-11,Breakfast,24.0,0.0,0.0,0.0,0.0,0.0,0.0,0.0,0.0,4.0,0.0,0.0,1.6,0.0,0.0,0.0,0.0,
2020-05-11,Lunch,928.5,5.6,1.2,0.4,0.0,0.0,0.0,37.0,906.9,162.9,10.4,20.6,57.1,42.2,70.4,133.4,6.1,
2020-05-11,Dinner,669.4,8.0,2.9,1.5,0.0,0.0,0.0,1121.5,379.6,108.2,13.6,36.9,37.2,3.8,8.9,70.1,0.7,
2020-05-11,Snacks,932.3,12.5,4.5,0.0,0.0,0.0,41.0,1426.7,0.0,169.5,15.0,70.3,27.0,2.0,0.7,12.3,10.3,
2020-05-12,Breakfast,24.0,0.0,0.0,0.0,0.0,0.0,0.0,0.0,0.0,4.0,0.0,0.0,1.6,0.0,0.0,0.0,0.0,
2020-05-12,Lunch,803.0,11.5,2.3,0.0,0.0,0.0,100.0,2520.0,0.0,105.2,10.0,17.8,53.5,0.0,0.0,0.0,0.0,
2020-05-12,Dinner,653.0,7.9,2.9,1.5,0.0,0.0,0.0,901.0,358.0,104.2,9.8,36.8,37.0,3.0,8.7,20.0,0.3,
2020-05-12,Snacks,1309.0,39.6,15.2,0.0,0.0,0.0,0.0,1584.0,0.0,144.4,33.4,37.0,95.0,0.0,0.0,0.0,0.0,
2020-05-13,Breakfast,851.0,8.2,1.1,0.3,0.1,0.0,52.9,3323.8,748.8,143.8,10.8,19.8,54.5,123.7,51.4,20.2,4.3,
2020-05-13,Lunch,362.0,2.4,0.8,0.0,0.0,0.0,0.0,240.0,0.0,71.0,5.8,29.0,11.0,0.0,0.0,0.0,0.0,
2020-05-13,Dinner,656.4,7.9,3.1,0.1,0.0,0.0,0.0,839.5,392.6,106.7,12.6,35.6,36.3,3.8,8.9,70.1,0.7,
2020-05-13,Snacks,534.0,18.6,7.2,0.0,0.0,0.0,0.0,1072.0,0.0,45.6,13.8,4.0,42.0,0.0,0.0,0.0,0.0,
2020-05-14,Breakfast,24.0,0.0,0.0,0.0,0.0,0.0,0.0,0.0,0.0,4.0,0.0,0.0,1.6,0.0,0.0,0.0,0.0,
2020-05-14,Lunch,601.0,8.4,0.6,0.2,0.0,0.0,66.1,1362.5,436.7,71.9,5.9,8.2,51.7,85.5,39.0,11.1,2.2,
2020-05-14,Dinner,660.0,9.8,4.0,0.1,0.0,0.0,0.0,779.0,371.0,104.7,4.5,39.6,36.3,3.0,8.7,20.0,0.3,
2020-05-14,Snacks,1160.0,13.2,6.2,0.0,0.0,0.0,0.0,961.0,0.0,69.3,5.4,16.5,25.5,0.0,0.0,0.0,0.0,
2020-05-15,Breakfast,712.1,11.7,4.4,1.4,2.8,0.0,0.0,1294.5,638.2,84.1,15.0,13.9,65.4,64.3,59.3,12.1,5.0,
2020-05-15,Dinner,569.0,7.5,3.2,0.1,0.0,0.0,0.0,999.0,358.0,90.0,4.1,27.8,33.2,3.0,8.7,5.0,0.3,
2020-05-15,Snacks,1029.0,13.0,6.0,0.0,0.0,0.0,0.0,1280.0,0.0,170.4,18.2,59.5,45.3,0.0,0.0,0.0,0.0,
2020-05-16,Breakfast,606.2,1.9,0.4,0.2,0.0,0.0,0.0,19.4,638.2,47.0,6.4,8.7,9.9,42.2,49.5,12.1,5.0,
2020-05-16,Dinner,669.0,9.9,3.8,1.5,0.0,0.0,0.0,841.0,358.0,106.2,4.4,40.9,37.2,3.0,8.7,20.0,0.3,
2020-05-16,Snacks,1180.0,21.2,10.4,0.0,0.0,0.0,0.0,1280.0,0.0,178.0,24.8,61.0,68.6,0.0,0.0,0.0,0.0,
2020-05-17,Breakfast,540.2,20.0,0.9,0.1,0.0,0.0,0.0,16.7,417.2,60.3,3.0,8.0,30.9,39.2,42.5,10.1,3.0,
2020-05-17,Dinner,679.2,13.6,8.0,0.1,0.0,0.0,0.0,847.3,308.0,98.0,6.7,33.6,40.9,3.2,7.2,54.1,0.6,
2020-05-17,Snacks,1266.0,21.0,9.8,0.0,0.0,0.0,0.0,1280.0,0.0,191.2,23.6,62.0,68.4,0.0,0.0,0.0,0.0,
2020-05-18,Breakfast,704.2,8.9,0.9,0.2,0.0,0.0,101.4,364.2,638.2,78.1,3.8,18.7,73.6,42.2,49.5,12.1,5.0,
2020-05-18,Dinner,724.6,16.7,10.0,0.1,0.0,0.0,0.0,1110.8,286.4,97.3,5.7,36.3,43.7,2.4,7.0,4.0,0.2,
2020-05-18,Snacks,1081.0,10.9,5.2,0.0,0.0,0.0,0.0,1480.0,0.0,199.1,24.2,88.3,26.5,0.0,0.0,0.0,0.0,
2020-05-19,Breakfast,656.3,12.6,0.1,0.2,0.0,0.0,101.4,399.2,533.2,60.9,3.8,8.1,65.1,63.3,29.3,11.1,4.0,
2020-05-19,Dinner,672.1,12.2,6.8,0.1,0.0,0.0,0.0,778.9,322.2,102.7,3.4,39.7,36.2,2.7,7.8,4.5,0.2,
2020-05-19,Snacks,1381.0,57.5,16.8,0.0,0.0,0.0,20.0,1300.0,0.0,171.6,15.9,71.7,38.9,0.0,0.0,24.0,0.0,
2020-05-20,Breakfast,990.1,50.5,1.2,0.2,0.0,0.0,0.0,834.4,533.2,80.7,14.0,9.9,78.5,63.3,29.3,11.1,4.0,
2020-05-20,Dinner,684.5,12.3,6.8,0.1,0.0,0.0,0.0,779.4,343.8,106.7,6.1,39.8,36.4,3.5,8.0,54.6,0.6,
2020-05-20,Snacks,1066.0,36.4,12.3,0.0,0.0,0.0,10.0,1210.0,0.0,140.5,18.4,59.5,35.2,0.0,0.0,12.0,0.0,
2020-05-21,Breakfast,1129.1,32.4,11.6,0.2,0.0,0.0,0.0,1094.4,533.2,171.0,3.6,20.0,45.6,63.3,29.3,11.1,4.0,
2020-05-21,Dinner,670.2,8.7,4.1,0.0,0.0,0.0,0.0,990.6,0.0,78.2,10.2,21.0,61.4,0.0,0.0,0.0,0.0,
2020-05-21,Snacks,568.1,18.8,10.3,0.0,0.0,0.0,0.0,487.2,0.0,66.7,9.5,38.3,28.5,0.0,0.0,0.0,0.0,
2020-05-22,Breakfast,804.5,7.6,0.3,0.2,0.0,0.0,132.3,1121.6,533.2,86.8,7.4,13.3,81.9,52.3,24.4,11.1,4.0,
2020-05-22,Dinner,771.2,16.6,9.1,0.0,0.0,0.0,0.0,992.0,0.0,83.7,12.0,25.6,62.5,0.0,0.0,0.0,0.0,
2020-05-22,Snacks,1059.4,21.6,7.2,0.0,0.0,0.0,0.0,1160.5,0.0,151.5,22.5,43.5,55.7,0.0,0.0,0.0,0.0,
2020-05-23,Breakfast,765.0,10.1,2.0,0.0,0.0,0.0,100.0,1740.0,0.0,120.7,12.4,31.7,54.1,0.0,0.0,0.0,0.0,
2020-05-23,Lunch,753.3,0.0,0.0,0.0,0.0,0.0,0.0,0.0,1.4,0.0,0.0,0.0,0.0,0.0,0.0,0.0,0.0,
2020-05-23,Dinner,667.3,14.2,1.6,0.3,0.1,0.0,0.0,1424.1,652.3,105.1,4.2,13.2,28.8,79.4,31.9,20.2,2.5,
2020-05-23,Snacks,1042.0,33.8,18.7,0.0,0.0,0.0,0.0,1040.0,0.0,144.5,16.4,72.7,39.1,0.0,0.0,0.0,0.0,
2020-05-24,Breakfast,655.6,3.4,0.6,0.1,0.0,0.0,0.0,780.7,595.3,72.3,3.2,11.5,82.8,7.5,57.8,5.5,5.5,
2020-05-24,Lunch,520.0,6.5,1.5,0.3,0.1,0.0,0.0,1211.8,948.2,91.7,22.4,17.9,22.6,144.7,74.6,71.5,20.0,
2020-05-24,Dinner,1463.6,33.3,10.1,1.7,1.2,0.0,0.0,953.6,358.0,159.4,9.1,39.4,126.6,3.0,8.7,20.0,0.3,
2020-05-24,Snacks,175.0,0.2,0.0,0.0,0.0,0.0,0.0,0.0,0.0,34.4,4.8,31.4,1.0,0.0,0.0,0.0,0.0,
2020-05-25,Breakfast,754.6,11.8,3.2,0.3,0.1,0.0,0.0,2152.0,969.5,126.4,27.7,23.1,31.7,195.2,111.6,63.4,20.8,
2020-05-25,Lunch,608.3,7.7,3.0,0.3,0.1,0.0,0.0,560.2,652.3,74.1,9.1,10.7,59.3,116.3,48.2,20.2,2.5,
2020-05-25,Dinner,703.9,9.1,1.1,0.3,0.1,0.0,103.6,439.4,652.3,73.8,14.8,8.1,75.5,116.3,48.2,20.2,2.5,
2020-05-25,Snacks,585.3,17.8,8.3,0.0,0.0,0.0,1.0,107.0,0.0,73.0,20.8,48.1,27.5,0.0,0.7,1.3,1.3,
2020-05-26,Breakfast,777.2,8.5,3.1,1.5,0.0,0.0,0.0,933.6,358.0,105.6,9.8,38.2,65.3,3.0,8.7,20.0,0.3,
2020-05-26,Lunch,747.4,5.4,0.3,0.3,0.1,0.0,97.0,497.1,1001.5,18.0,7.3,10.1,59.4,153.2,68.3,20.2,5.1,
2020-05-26,Dinner,559.6,5.2,0.8,0.3,0.1,0.0,66.1,442.8,748.8,72.1,14.9,12.3,56.6,79.4,31.9,20.2,4.3,
2020-05-26,Snacks,416.0,14.1,9.6,0.0,0.0,0.0,0.0,800.0,0.0,59.5,2.4,29.7,4.6,0.0,0.0,0.0,0.0,
2020-05-27,Breakfast,759.9,8.5,3.3,0.1,0.0,0.0,0.0,1099.8,310.1,100.3,10.7,35.0,64.7,2.5,7.2,19.2,0.2,
2020-05-27,Lunch,712.0,14.9,4.3,0.4,0.1,0.0,0.0,1923.2,1083.7,118.9,12.9,20.2,31.1,229.7,89.4,38.4,3.0,
2020-05-27,Dinner,880.0,0.0,0.0,0.0,0.0,0.0,0.0,40.0,0.0,0.0,0.0,0.0,0.0,0.0,0.0,0.0,0.0,
2020-05-27,Snacks,341.0,7.9,4.5,0.0,0.0,0.0,0.0,827.0,195.0,72.6,1.8,30.3,3.3,0.0,0.0,0.0,2.0,
2020-05-28,Breakfast,772.7,8.4,3.3,0.1,0.0,0.0,0.0,871.7,388.9,105.3,10.0,37.5,64.4,3.2,9.1,20.3,0.3,
2020-05-28,Lunch,916.8,21.9,4.3,0.5,0.1,0.0,0.0,2027.6,1853.9,117.8,18.5,35.4,82.9,392.8,747.7,86.9,9.7,
2020-05-28,Dinner,580.0,7.0,2.0,0.0,0.0,0.0,40.0,1520.0,0.0,92.0,10.0,14.0,34.0,32.0,80.0,60.0,30.0,
2020-05-28,Snacks,519.0,11.3,6.0,0.0,0.0,0.0,0.0,880.0,0.0,63.7,14.2,24.2,25.7,0.0,0.0,0.0,0.0,
2020-05-29,Breakfast,573.7,2.9,0.5,0.1,0.0,0.0,0.0,1999.5,322.2,91.1,4.5,16.9,36.2,2.7,7.8,4.5,0.2,
2020-05-29,Lunch,980.0,25.0,12.0,0.0,0.0,0.2,70.0,1600.0,0.0,152.0,12.0,54.0,40.0,28.0,40.0,64.0,38.0,
2020-05-29,Dinner,560.0,7.0,2.0,0.0,0.0,0.0,40.0,1340.0,0.0,92.0,10.0,14.0,36.0,16.0,40.0,60.0,30.0,
2020-05-29,Snacks,897.0,24.6,0.0,0.0,0.0,0.0,0.0,800.0,0.0,111.0,2.4,15.7,9.7,0.0,0.0,0.0,0.0,
2020-05-30,Breakfast,657.0,3.5,0.6,0.1,0.0,0.0,0.0,867.1,350.8,93.7,2.6,18.7,55.9,2.9,8.5,4.9,0.3,
2020-05-30,Lunch,661.8,13.8,1.1,0.0,0.0,0.0,0.0,1536.5,0.0,63.3,13.9,8.1,75.1,59.0,26.0,0.0,0.0,
2020-05-30,Dinner,880.0,0.0,0.0,0.0,0.0,0.0,0.0,0.0,0.0,0.0,0.0,0.0,0.0,0.0,0.0,0.0,0.0,
2020-05-30,Snacks,576.0,8.2,4.1,0.0,0.0,0.0,0.0,800.0,0.0,69.7,8.4,17.7,25.5,0.0,0.0,0.0,0.0,
2020-05-31,Breakfast,288.7,5.8,3.4,0.1,0.0,0.0,0.0,217.2,429.6,54.5,3.1,17.0,6.1,3.6,10.4,6.0,0.3,
2020-05-31,Lunch,823.6,42.4,3.9,1.8,3.4,0.0,0.0,947.3,969.8,67.1,12.7,14.2,56.4,153.2,67.9,32.2,10.9,
2020-05-31,Dinner,580.0,7.0,2.0,0.0,0.0,0.0,40.0,1520.0,0.0,92.0,10.0,14.0,34.0,32.0,80.0,60.0,30.0,
2020-05-31,Snacks,1270.0,55.2,25.0,0.0,0.0,0.0,5.0,1720.0,0.0,153.4,10.0,68.5,33.9,2.0,2.0,2.0,10.0,
2020-06-01,Breakfast,341.3,11.3,5.4,1.3,3.4,0.0,0.0,1.4,393.8,54.8,6.1,15.5,6.3,3.3,9.6,13.5,4.3,
2020-06-01,Lunch,790.0,16.0,7.0,0.0,0.0,0.1,55.0,1650.0,0.0,122.0,11.0,34.0,36.0,38.0,80.0,62.0,34.0,
2020-06-01,Dinner,570.0,14.1,2.4,0.5,1.1,0.0,0.0,386.2,0.0,46.9,3.9,4.1,61.4,0.0,0.0,4.0,2.0,
2020-06-01,Snacks,1011.0,39.5,9.8,0.0,0.0,0.0,0.0,136.3,0.0,112.6,13.5,46.0,42.4,0.0,0.0,0.0,0.0,
2020-06-02,Breakfast,276.4,6.2,3.4,0.3,1.2,0.0,0.0,217.0,358.0,49.6,2.6,14.1,5.9,3.0,8.7,5.0,0.3,
2020-06-02,Lunch,292.0,4.2,1.5,0.0,0.0,0.0,0.0,297.1,0.0,31.9,4.0,1.9,30.0,29.5,13.0,0.0,0.0,
2020-06-02,Dinner,1322.4,8.7,2.9,0.0,0.0,0.0,0.0,1898.8,237.0,55.8,5.5,7.6,33.6,15.0,17.0,1.0,1.0,
2020-06-02,Snacks,806.0,46.0,25.2,0.0,0.0,0.0,0.0,249.0,0.0,75.5,4.4,49.4,27.0,0.0,0.0,0.0,0.0,
2020-06-03,Breakfast,258.6,6.2,3.4,0.3,1.2,0.0,0.0,216.8,286.4,45.1,2.1,11.7,5.7,2.4,7.0,4.0,0.2,
2020-06-03,Lunch,790.0,16.0,7.0,0.0,0.0,0.1,55.0,1650.0,0.0,122.0,11.0,34.0,36.0,38.0,80.0,62.0,34.0,
2020-06-03,Dinner,877.6,17.8,1.8,0.3,0.1,0.0,0.0,843.8,969.8,77.9,9.8,15.8,99.4,153.2,67.9,20.2,4.9,
2020-06-03,Snacks,1169.0,53.6,18.2,0.0,0.0,0.0,0.0,1110.0,0.0,145.2,6.8,59.3,14.6,0.0,2.0,4.0,4.0,
2020-06-04,Breakfast,276.4,6.2,3.4,0.3,1.2,0.0,0.0,217.0,358.0,49.6,2.6,14.1,5.9,3.0,8.7,5.0,0.3,
2020-06-04,Lunch,689.2,12.8,0.0,0.0,0.0,0.0,0.0,305.0,155.0,84.8,2.7,2.0,59.0,0.0,0.0,10.0,32.9,
2020-06-04,Snacks,1518.0,30.7,15.9,0.0,0.0,0.0,0.0,1360.4,0.0,132.8,10.5,61.0,31.4,0.0,0.0,0.0,0.0,
2020-06-05,Breakfast,227.0,1.3,0.3,0.1,0.0,0.0,0.0,217.0,358.0,49.1,2.6,13.7,5.6,3.0,8.7,5.0,0.3,
2020-06-05,Lunch,458.4,6.7,0.4,0.3,0.1,0.0,0.0,165.8,826.9,70.4,10.0,9.4,31.4,153.2,66.3,20.2,17.8,
2020-06-05,Dinner,790.0,16.0,7.0,0.0,0.0,0.1,55.0,1650.0,0.0,122.0,11.0,34.0,36.0,38.0,80.0,62.0,34.0,
2020-06-05,Snacks,1329.0,25.4,0.6,0.0,0.0,0.0,0.0,560.0,0.0,101.3,2.2,21.3,23.8,0.0,0.0,0.0,0.0,
2020-06-06,Breakfast,227.0,1.3,0.3,0.1,0.0,0.0,0.0,217.0,358.0,49.1,2.6,13.7,5.6,3.0,8.7,5.0,0.3,
2020-06-06,Lunch,491.4,8.2,0.7,0.3,0.1,0.0,0.0,945.8,826.9,74.6,10.0,11.2,32.9,153.2,66.3,20.2,17.8,
2020-06-06,Dinner,407.2,7.1,0.4,0.0,0.0,0.0,0.0,781.1,0.0,61.8,3.7,1.8,25.8,0.0,0.0,0.0,14.9,
2020-06-06,Snacks,1829.4,93.3,36.1,5.0,14.4,0.8,268.6,1307.0,3745.1,193.2,22.4,71.7,62.0,13.6,7.0,19.6,19.5,
2020-06-07,Breakfast,210.1,1.3,0.3,0.1,0.0,0.0,0.0,216.8,290.0,44.8,2.1,11.4,5.4,2.4,7.0,4.1,0.2,
2020-06-07,Lunch,484.1,8.3,0.6,0.3,0.1,0.0,0.0,802.4,652.3,76.8,8.2,9.3,29.6,106.4,40.9,21.2,19.4,
2020-06-07,Dinner,705.0,31.0,12.8,2.0,10.5,0.0,0.0,91.5,396.0,60.4,10.4,0.0,49.1,0.0,0.0,1.5,12.0,
2020-06-07,Snacks,1584.0,16.8,8.9,0.0,0.0,0.0,0.0,400.0,0.0,56.2,13.4,16.5,44.8,0.0,0.0,0.0,0.0,
2020-06-08,Breakfast,245.0,1.5,0.3,0.0,0.0,0.0,0.0,802.0,0.0,29.3,0.0,4.1,26.8,0.0,0.0,0.0,0.0,
2020-06-08,Lunch,748.6,16.5,0.6,0.3,0.1,0.0,0.0,1121.8,969.8,87.7,11.1,14.5,65.1,153.2,67.9,20.2,21.4,
2020-06-08,Dinner,770.0,17.0,7.0,0.0,0.0,0.1,55.0,1710.0,0.0,122.0,11.0,36.0,38.0,21.0,40.0,62.0,39.0,
2020-06-08,Snacks,657.0,17.1,8.8,0.5,0.5,0.0,2.0,405.0,0.0,60.2,17.4,12.0,61.3,2.0,2.0,1.0,2.0,
2020-06-09,Breakfast,277.8,1.4,0.3,0.1,0.0,0.0,0.0,217.2,429.6,56.7,3.1,16.2,5.8,3.6,10.4,6.0,0.3,
2020-06-09,Lunch,427.6,7.2,2.6,0.9,1.5,0.0,0.0,966.9,969.8,50.2,13.1,13.7,39.6,167.9,74.4,20.2,4.9,
2020-06-09,Dinner,580.0,7.0,2.0,0.0,0.0,0.0,40.0,1520.0,0.0,92.0,10.0,14.0,34.0,32.0,80.0,60.0,30.0,
2020-06-09,Snacks,1267.0,14.3,6.6,0.0,0.0,0.0,0.0,1230.0,0.0,234.8,17.4,100.8,36.2,0.0,0.0,0.0,0.0,
2020-06-10,Breakfast,219.0,1.3,0.3,0.1,0.0,0.0,0.0,216.9,325.8,47.1,2.4,12.6,5.5,2.7,7.9,4.6,0.2,
2020-06-10,Lunch,609.2,10.1,0.7,0.3,0.1,0.0,0.0,972.9,969.8,98.6,12.0,12.5,34.8,153.2,67.9,20.2,24.7,
2020-06-10,Dinner,735.8,16.1,0.3,0.0,0.0,0.0,0.0,935.4,158.7,89.9,5.1,7.4,57.8,0.0,1.8,0.0,21.0,
2020-06-10,Snacks,946.2,16.0,5.1,0.5,0.5,0.0,2.0,1165.1,0.0,157.1,10.7,53.5,35.1,2.0,2.0,1.0,2.0,
2020-06-11,Breakfast,219.0,1.3,0.3,0.1,0.0,0.0,0.0,216.9,325.8,47.1,2.4,12.6,5.5,2.7,7.9,4.6,0.2,
2020-06-11,Lunch,609.2,10.1,0.7,0.3,0.1,0.0,0.0,972.9,969.8,98.6,12.0,12.5,34.8,153.2,67.9,20.2,24.7,
2020-06-11,Dinner,1014.9,54.5,21.5,0.0,0.0,0.0,125.0,1444.1,0.0,75.1,5.6,10.8,44.1,0.0,0.0,0.0,0.0,
2020-06-11,Snacks,924.0,11.7,5.7,0.5,0.5,0.0,2.0,1045.0,0.0,142.1,18.8,54.7,51.8,2.0,2.0,1.0,2.0,
2020-06-12,Breakfast,227.0,1.3,0.3,0.1,0.0,0.0,0.0,217.0,358.0,49.1,2.6,13.7,5.6,3.0,8.7,5.0,0.3,
2020-06-12,Lunch,770.0,17.0,7.0,0.0,0.0,0.1,55.0,1710.0,0.0,122.0,11.0,36.0,38.0,21.0,40.0,62.0,39.0,
2020-06-12,Dinner,500.6,8.8,0.5,0.0,0.0,0.0,0.0,856.1,0.0,80.4,5.6,2.6,26.8,36.9,16.3,0.0,19.8,
2020-06-12,Snacks,1525.0,3.1,1.4,0.0,0.0,0.0,0.0,1040.0,0.0,101.8,5.8,42.0,11.5,0.0,0.0,0.0,0.0,
2020-06-13,Breakfast,218.1,1.3,0.3,0.1,0.0,0.0,0.0,216.9,322.2,46.9,2.3,12.5,5.5,2.7,7.8,4.5,0.2,
2020-06-13,Lunch,1770.0,17.0,7.0,0.0,0.0,0.1,55.0,1710.0,0.0,122.0,11.0,36.0,38.0,21.0,40.0,62.0,39.0,
2020-06-13,Snacks,1140.0,0.0,0.0,0.0,0.0,0.0,0.0,0.0,0.0,35.8,0.0,0.0,4.0,0.0,0.0,0.0,0.0,
2020-06-14,Breakfast,218.1,1.3,0.3,0.1,0.0,0.0,0.0,216.9,322.2,46.9,2.3,12.5,5.5,2.7,7.8,4.5,0.2,
2020-06-14,Lunch,1270.0,17.0,7.0,0.0,0.0,0.1,55.0,1710.0,0.0,122.0,11.0,36.0,38.0,21.0,40.0,62.0,39.0,
2020-06-14,Dinner,720.6,16.1,0.0,0.0,0.0,0.0,0.0,187.5,0.0,76.9,3.6,2.5,67.5,0.0,0.0,0.0,19.8,
2020-06-14,Snacks,588.0,0.0,0.0,0.0,0.0,0.0,0.0,800.0,0.0,14.8,0.0,0.0,0.0,0.0,0.0,0.0,0.0,
2020-06-15,Breakfast,224.3,1.3,0.3,0.1,0.0,0.0,0.0,217.0,347.3,48.5,2.5,13.4,5.6,2.9,8.4,4.9,0.3,
2020-06-15,Lunch,602.2,10.0,0.7,0.3,0.1,0.0,0.0,947.9,969.8,97.8,11.6,11.8,34.3,153.2,67.9,20.2,24.7,
2020-06-15,Dinner,770.0,17.0,7.0,0.0,0.0,0.1,55.0,1710.0,0.0,122.0,11.0,36.0,38.0,21.0,40.0,62.0,39.0,
2020-06-15,Snacks,1337.2,5.5,0.0,0.0,0.0,0.0,0.0,800.0,0.0,50.3,2.4,15.7,16.7,0.0,0.0,0.0,0.0,
2020-06-16,Breakfast,224.3,1.3,0.3,0.1,0.0,0.0,0.0,217.0,347.3,48.5,2.5,13.4,5.6,2.9,8.4,4.9,0.3,
2020-06-16,Lunch,217.0,8.2,4.4,0.0,0.0,0.0,0.0,0.0,0.0,13.6,6.6,1.5,23.3,0.0,0.0,0.0,0.0,
2020-06-16,Dinner,770.0,17.0,7.0,0.0,0.0,0.1,55.0,1710.0,0.0,122.0,11.0,36.0,38.0,21.0,40.0,62.0,39.0,
2020-06-16,Snacks,1180.0,64.1,33.0,3.5,12.9,0.8,262.6,1560.0,3745.1,133.3,5.9,77.7,14.7,7.6,1.0,16.6,13.5,
2020-06-17,Breakfast,218.1,1.3,0.3,0.1,0.0,0.0,0.0,216.9,322.2,46.9,2.3,12.5,5.5,2.7,7.8,4.5,0.2,
2020-06-17,Lunch,511.8,8.8,0.5,0.0,0.0,0.0,0.0,858.5,158.7,82.0,6.2,3.2,28.3,36.9,18.1,0.0,21.0,
2020-06-17,Dinner,580.0,7.0,2.0,0.0,0.0,0.0,40.0,1520.0,0.0,92.0,10.0,14.0,34.0,32.0,80.0,60.0,30.0,
2020-06-17,Snacks,1661.4,64.8,14.6,0.5,0.5,0.0,2.0,1168.0,0.0,218.9,9.3,48.9,36.8,2.0,2.0,1.0,2.0,
2020-06-18,Breakfast,287.1,1.8,0.3,0.1,0.0,0.0,0.0,324.9,322.2,60.0,2.3,13.2,7.7,2.7,7.8,4.5,0.2,
2020-06-18,Lunch,770.0,17.0,7.0,0.0,0.0,0.1,55.0,1710.0,0.0,122.0,11.0,36.0,38.0,21.0,40.0,62.0,39.0,
2020-06-18,Dinner,834.4,38.3,0.4,0.2,0.1,0.0,0.0,793.1,431.3,94.6,6.3,10.6,41.9,76.4,24.9,18.2,20.3,
2020-06-18,Snacks,1163.0,0.7,0.6,0.0,0.0,0.0,0.0,800.0,0.0,30.8,0.0,13.0,0.5,0.0,0.0,0.0,0.0,
2020-06-19,Breakfast,365.0,2.4,0.4,0.1,0.0,0.0,0.0,433.0,358.0,75.4,2.6,15.2,10.0,3.0,8.7,5.0,0.3,
2020-06-19,Dinner,770.0,17.0,7.0,0.0,0.0,0.1,55.0,1710.0,0.0,122.0,11.0,36.0,38.0,21.0,40.0,62.0,39.0,
2020-06-19,Snacks,1270.0,8.1,4.1,0.0,0.0,0.0,0.0,800.0,0.0,27.0,6.0,2.0,22.4,0.0,0.0,0.0,0.0,
2020-06-20,Breakfast,336.1,4.1,0.2,0.1,0.0,0.0,0.0,0.9,282.8,73.0,4.9,11.1,4.4,2.4,6.9,4.0,10.1,
2020-06-20,Lunch,562.4,9.9,0.8,0.3,0.1,0.0,0.0,1146.8,969.8,94.2,12.4,10.3,26.3,153.2,67.9,20.2,24.7,
2020-06-20,Dinner,770.0,17.0,7.0,0.0,0.0,0.1,55.0,1710.0,0.0,122.0,11.0,36.0,38.0,21.0,40.0,62.0,39.0,
2020-06-20,Snacks,2309.4,79.4,47.3,3.5,17.9,0.8,292.6,1902.0,3995.1,189.7,14.3,80.9,19.9,7.6,1.0,24.6,38.5,
2020-06-21,Breakfast,269.9,3.3,0.1,0.1,0.0,0.0,0.0,0.7,257.8,56.6,3.7,8.8,0.8,2.2,6.3,3.6,10.1,
2020-06-21,Lunch,1016.7,20.6,5.5,0.3,0.1,0.0,223.6,237.3,652.3,77.8,14.8,10.1,97.0,116.3,48.2,20.2,41.5,
2020-06-21,Snacks,1374.6,37.1,21.9,0.5,0.5,0.0,2.0,1005.1,0.0,97.3,8.6,53.3,34.0,2.0,2.0,1.0,2.0,
2020-06-22,Breakfast,241.6,3.2,0.1,0.1,0.0,0.0,0.0,0.9,311.5,55.2,4.0,10.6,0.9,2.6,7.6,4.4,9.6,
2020-06-22,Lunch,427.9,5.2,0.9,0.3,0.1,0.0,0.0,1577.2,652.3,55.3,7.1,11.1,37.3,138.4,57.9,20.2,2.5,
2020-06-22,Dinner,770.0,17.0,7.0,0.0,0.0,0.1,55.0,1710.0,0.0,122.0,11.0,36.0,38.0,21.0,40.0,62.0,39.0,
2020-06-22,Snacks,1214.0,62.9,31.6,0.5,0.5,0.0,2.0,981.0,0.0,103.7,17.4,38.9,53.8,2.0,2.0,1.0,2.0,
2020-06-23,Breakfast,293.3,1.8,0.3,0.1,0.0,0.0,0.0,325.0,347.3,61.6,2.5,14.1,7.8,2.9,8.4,4.9,0.3,
2020-06-23,Lunch,324.2,2.9,0.5,0.0,0.0,0.0,0.0,865.1,0.0,41.1,0.4,2.9,31.1,0.0,0.0,0.0,0.0,
2020-06-23,Dinner,348.0,12.5,3.4,2.8,5.8,0.0,0.0,592.0,0.0,37.1,5.3,3.4,19.3,0.0,0.0,0.0,0.0,
2020-06-23,Snacks,1336.0,48.2,22.9,0.0,5.0,0.0,0.0,710.1,870.0,176.6,25.0,63.7,44.7,0.0,80.0,6.0,5.0,
2020-06-24,Breakfast,293.3,1.8,0.3,0.1,0.0,0.0,0.0,325.0,347.3,61.6,2.5,14.1,7.8,2.9,8.4,4.9,0.3,
2020-06-24,Lunch,880.0,19.0,7.0,0.0,0.0,0.1,115.0,1870.0,0.0,131.0,11.0,36.0,54.0,6.0,0.0,2.0,4.0,
2020-06-24,Dinner,720.6,16.1,0.0,0.0,0.0,0.0,0.0,187.5,0.0,76.9,3.6,2.5,67.5,0.0,0.0,0.0,19.8,
2020-06-24,Snacks,2072.3,17.7,8.9,0.3,0.1,0.0,0.0,188.1,1092.3,188.1,16.2,10.7,51.0,79.4,31.9,24.2,2.5,
2020-06-25,Breakfast,250.2,3.4,0.1,0.1,0.0,0.0,0.0,0.9,311.5,57.1,4.1,10.6,0.9,2.6,7.6,4.4,10.1,
2020-06-25,Lunch,811.8,45.8,0.5,0.3,0.1,0.0,0.0,726.8,969.8,56.6,10.2,10.2,61.3,153.2,67.9,20.2,14.8,
2020-06-25,Snacks,1614.0,83.7,44.7,3.5,17.9,0.8,262.6,1594.0,4615.1,203.6,25.2,92.0,52.4,7.6,81.0,22.6,18.5,
2020-06-26,Breakfast,244.0,3.4,0.1,0.1,0.0,0.0,0.0,0.8,286.4,55.5,3.9,9.8,0.9,2.4,7.0,4.0,10.1,
2020-06-26,Lunch,770.0,17.0,7.0,0.0,0.0,0.1,55.0,1710.0,0.0,122.0,11.0,36.0,38.0,21.0,40.0,62.0,39.0,
2020-06-26,Dinner,201.3,2.8,0.5,0.3,0.1,0.0,0.0,12.1,652.3,39.6,3.0,11.1,6.8,79.4,31.9,20.2,2.5,
2020-06-26,Snacks,2374.0,20.0,10.0,0.0,5.0,0.0,0.0,800.0,250.0,87.4,5.0,0.0,5.0,0.0,0.0,0.0,5.0,
2020-06-27,Breakfast,221.7,2.7,0.1,0.1,0.0,0.0,0.0,1.0,347.3,51.3,3.9,11.9,1.1,2.9,8.4,4.9,8.1,
2020-06-27,Lunch,624.3,30.4,15.4,0.3,0.1,0.0,0.0,163.2,652.3,48.9,6.8,8.8,38.4,153.2,64.4,20.2,2.5,
2020-06-27,Dinner,790.0,16.0,7.0,0.0,0.0,0.1,55.0,1650.0,0.0,122.0,11.0,34.0,36.0,38.0,80.0,62.0,34.0,
2020-06-27,Snacks,1459.0,79.5,44.1,3.5,17.9,0.8,262.6,806.0,4615.1,151.1,21.4,69.8,53.6,7.6,81.0,22.6,18.5,
2020-06-28,Breakfast,204.2,2.3,0.1,0.1,0.0,0.0,0.0,1.0,358.0,47.6,3.8,12.2,1.1,3.0,8.7,5.0,6.9,
2020-06-28,Lunch,693.5,15.4,0.3,0.3,0.1,0.0,0.0,340.1,769.8,69.0,9.5,11.6,70.8,153.2,65.7,20.2,16.6,
2020-06-28,Dinner,880.0,0.0,0.0,0.0,0.0,0.0,0.0,0.0,0.0,0.0,0.0,0.0,0.0,0.0,0.0,0.0,0.0,
2020-06-28,Snacks,1353.0,51.9,20.8,0.0,7.5,0.0,0.0,2201.0,375.0,178.3,23.0,25.2,53.4,0.0,0.0,0.0,7.5,
2020-06-29,Breakfast,195.3,2.3,0.1,0.1,0.0,0.0,0.0,0.9,322.2,45.4,3.5,11.0,1.0,2.7,7.8,4.5,6.8,
2020-06-29,Lunch,770.0,17.0,7.0,0.0,0.0,0.1,55.0,1710.0,0.0,122.0,11.0,36.0,38.0,21.0,40.0,62.0,39.0,
2020-06-29,Dinner,649.8,14.9,0.5,0.3,0.1,0.0,0.0,875.9,652.3,67.3,9.3,11.1,62.1,153.2,64.4,20.2,15.7,
2020-06-29,Snacks,1129.1,55.6,30.6,5.0,14.0,0.8,262.6,1147.9,4078.2,156.9,16.2,96.6,32.0,40.9,40.2,18.6,17.4,
2020-06-30,Breakfast,195.3,2.3,0.1,0.1,0.0,0.0,0.0,0.9,322.2,45.4,3.5,11.0,1.0,2.7,7.8,4.5,6.8,
2020-06-30,Lunch,687.0,31.6,13.0,0.0,0.0,0.0,0.0,840.0,0.0,66.2,7.2,5.6,30.0,0.0,0.0,0.0,0.0,
2020-06-30,Dinner,1312.8,50.3,2.2,1.3,3.0,0.0,210.0,418.0,221.4,145.3,3.8,2.6,79.5,7.0,3.0,0.0,5.0,
2020-06-30,Snacks,867.1,25.1,13.2,1.5,1.1,0.0,0.0,803.9,333.1,95.3,20.6,38.1,70.6,33.3,39.2,2.0,3.9,
2020-07-01,Breakfast,287.1,1.8,0.3,0.1,0.0,0.0,0.0,324.9,322.2,60.0,2.3,13.2,7.7,2.7,7.8,4.5,0.2,
2020-07-01,Lunch,419.9,4.8,0.9,0.3,0.1,0.0,0.0,1262.2,652.3,56.1,6.1,11.4,36.6,131.0,54.7,20.2,2.5,
2020-07-01,Dinner,613.4,11.5,0.6,0.3,0.1,0.0,0.0,1051.7,748.8,61.1,4.4,14.6,65.9,79.4,31.9,20.2,4.3,
2020-07-01,Snacks,1429.1,8.6,4.2,1.5,1.1,0.0,0.0,911.9,333.1,63.6,8.0,22.3,26.6,33.3,39.2,2.0,3.9,
2020-07-02,Breakfast,284.0,8.6,4.2,0.0,0.0,0.0,0.0,108.0,0.0,28.3,6.0,2.7,24.6,0.0,0.0,0.0,0.0,
2020-07-02,Lunch,636.0,23.9,9.3,0.0,0.0,0.0,0.0,0.5,0.0,74.6,6.3,9.4,27.0,0.0,0.0,0.0,0.0,
2020-07-02,Dinner,626.0,18.6,2.8,0.0,0.0,0.0,0.0,0.0,0.0,83.3,0.0,0.0,29.4,0.0,0.0,0.0,0.0,
2020-07-02,Snacks,1150.0,8.2,4.4,0.0,0.0,0.0,0.0,800.0,0.0,43.6,6.6,1.5,23.3,0.0,0.0,0.0,0.0,
2020-07-03,Breakfast,121.0,2.1,1.0,1.0,1.0,0.0,4.0,10.0,0.0,21.7,6.4,16.7,2.5,4.0,4.0,2.0,4.0,
2020-07-03,Lunch,580.0,7.0,2.0,0.0,0.0,0.0,40.0,1520.0,0.0,92.0,10.0,14.0,34.0,32.0,80.0,60.0,30.0,
2020-07-03,Dinner,784.0,1.9,0.0,0.0,0.0,0.0,0.0,523.0,0.0,31.8,0.0,0.0,33.5,0.0,0.0,0.0,0.0,
2020-07-03,Snacks,1481.1,5.7,1.2,1.0,0.7,0.0,0.0,15.9,219.0,85.2,6.9,4.7,37.8,5.0,97.0,4.0,0.0,
2020-07-04,Breakfast,300.1,4.1,0.9,1.0,0.6,0.0,0.0,4.1,221.0,43.9,4.7,4.9,21.9,3.0,7.0,2.0,2.0,
2020-07-04,Lunch,393.1,10.5,2.1,1.2,0.8,0.0,0.0,3.1,0.0,46.6,4.0,3.7,26.6,0.0,0.0,0.0,0.0,
2020-07-04,Dinner,1437.5,0.0,0.0,0.0,0.0,0.0,0.0,0.0,0.0,18.2,0.0,0.0,1.5,0.0,0.0,0.0,0.0,
2020-07-04,Snacks,945.8,5.3,1.4,3.4,2.4,0.0,0.0,9.4,555.2,98.9,8.7,50.8,24.5,55.5,65.3,3.3,6.5,
2020-07-05,Breakfast,455.5,9.4,2.3,1.6,1.0,0.0,0.0,1661.7,237.0,60.2,3.6,8.9,30.2,15.0,17.0,1.0,1.0,
2020-07-05,Lunch,699.2,3.5,0.6,4.1,2.8,0.0,0.0,1207.2,555.2,84.9,7.3,52.8,14.8,55.5,65.3,3.3,6.5,
2020-07-05,Dinner,1373.5,0.0,0.0,0.0,0.0,0.0,0.0,15.0,0.0,11.9,0.0,0.0,0.4,0.0,0.0,0.0,0.0,
2020-07-05,Snacks,651.6,10.5,2.9,2.0,1.2,0.0,0.0,3201.8,0.0,75.0,3.2,8.2,28.9,0.0,0.0,0.0,0.0,
2020-07-06,Breakfast,306.9,0.9,0.0,0.0,0.0,0.0,0.0,0.0,76.7,52.8,1.9,0.0,7.7,0.0,0.0,0.0,0.0,
2020-07-06,Lunch,476.1,7.1,1.3,3.3,2.0,0.0,0.0,2402.3,322.2,80.6,5.5,19.8,23.0,2.7,7.8,4.5,0.2,
2020-07-06,Dinner,1623.0,0.0,0.0,0.0,0.0,0.0,0.0,0.0,0.0,27.0,0.0,8.0,4.2,0.0,0.0,0.0,0.0,
2020-07-06,Snacks,730.1,19.8,0.9,2.1,1.2,0.0,0.0,1202.3,322.2,116.3,7.9,33.9,20.9,2.7,7.8,4.5,0.2,
2020-07-07,Breakfast,435.3,1.4,0.0,0.0,0.0,0.0,0.0,0.0,115.0,79.1,2.9,0.0,11.5,0.0,0.0,0.0,0.0,
2020-07-07,Dinner,1500.0,0.0,0.0,0.0,0.0,0.0,0.0,0.0,0.0,0.0,0.0,0.0,0.0,0.0,0.0,0.0,0.0,
2020-07-07,Snacks,962.2,10.5,1.8,5.3,3.6,0.0,0.0,569.0,555.2,161.0,16.1,43.7,55.2,55.5,65.3,3.3,6.5,
2020-07-08,Breakfast,306.9,0.9,0.0,0.0,0.0,0.0,0.0,0.0,76.7,52.8,1.9,0.0,7.7,0.0,0.0,0.0,0.0,
2020-07-08,Lunch,1100.0,34.5,6.0,0.0,0.0,0.0,15.0,990.0,0.0,102.0,7.5,4.5,69.0,0.0,0.0,0.0,0.0,
2020-07-08,Dinner,1652.0,0.0,0.0,0.0,0.0,0.0,0.0,14.0,400.0,33.2,0.0,2.0,0.2,0.0,0.0,1.7,8.3,
2020-07-08,Snacks,761.0,6.6,1.7,1.8,1.2,0.0,0.0,1427.7,174.0,76.7,9.0,14.3,19.9,4.0,80.0,4.0,1.0,
2020-07-09,Breakfast,841.8,18.6,5.1,2.5,6.0,0.0,423.0,222.0,1214.4,120.5,6.0,5.0,31.9,14.0,36.0,1.0,11.0,
2020-07-09,Lunch,324.9,10.5,2.1,0.9,0.6,0.0,0.0,2060.7,0.0,32.9,3.5,3.4,22.7,0.0,0.0,0.0,0.0,
2020-07-09,Dinner,1690.0,0.0,0.0,0.0,0.0,0.0,0.0,0.0,0.0,26.5,0.0,0.0,0.0,0.0,0.0,0.0,0.0,
2020-07-09,Snacks,342.6,8.3,1.4,0.9,0.6,0.0,0.0,1001.1,0.0,34.2,3.0,2.9,19.2,0.0,0.0,0.0,0.0,
2020-07-10,Breakfast,819.8,18.1,5.0,2.5,6.0,0.0,423.0,218.0,1214.4,118.5,4.8,3.1,29.9,14.0,36.0,1.0,11.0,
2020-07-10,Lunch,489.1,5.9,0.9,2.5,1.7,0.0,0.0,1201.3,285.0,76.2,8.7,33.1,32.7,24.0,9.9,9.0,0.4,
2020-07-10,Dinner,1678.0,0.0,0.0,0.0,0.0,0.0,0.0,0.0,0.0,29.8,0.0,0.0,0.0,0.0,0.0,0.0,0.0,
2020-07-10,Snacks,482.2,8.4,3.6,0.9,0.6,0.0,0.0,1.8,0.0,34.5,3.0,5.0,33.9,0.0,0.0,0.0,0.0,
2020-07-11,Breakfast,819.8,18.1,5.0,2.5,6.0,0.0,423.0,218.0,1214.4,118.5,4.8,3.1,29.9,14.0,36.0,1.0,11.0,
2020-07-11,Lunch,441.9,10.5,4.8,1.2,0.8,0.0,0.0,2.0,91.0,47.7,4.4,10.8,38.0,4.0,1.0,0.0,4.0,
2020-07-11,Dinner,3572.5,0.0,0.0,0.0,0.0,0.0,0.0,18.7,417.9,16.1,0.0,0.0,0.7,0.0,0.0,3.0,8.9,
2020-07-11,Snacks,584.0,4.5,1.3,0.6,0.4,0.0,0.0,2.3,0.0,34.0,2.0,1.6,18.2,0.0,0.0,0.0,0.0,
2020-07-12,Lunch,999.4,14.0,1.4,0.0,0.0,0.0,0.0,187.5,0.0,85.7,3.9,3.4,104.8,0.0,0.0,0.0,0.0,
2020-07-12,Dinner,658.7,10.3,0.9,0.3,0.1,0.0,0.0,1349.3,801.5,82.8,10.6,12.9,57.8,153.2,66.1,20.2,3.6,
2020-07-12,Snacks,517.0,18.4,9.8,1.0,1.0,0.0,4.0,10.0,0.0,36.2,17.2,4.0,48.6,4.0,4.0,2.0,4.0,
2020-07-13,Breakfast,309.5,0.8,0.2,0.1,0.0,0.0,0.0,0.9,322.2,59.9,3.8,11.4,6.7,2.7,7.8,4.5,0.2,
2020-07-13,Lunch,790.0,16.0,7.0,0.0,0.0,0.1,55.0,1650.0,0.0,122.0,11.0,34.0,36.0,38.0,80.0,62.0,34.0,
2020-07-13,Dinner,320.4,7.2,1.8,0.1,0.0,0.0,0.0,1277.8,458.0,40.8,4.0,9.5,21.3,54.9,40.3,3.0,3.0,
2020-07-13,Snacks,1328.8,17.0,10.1,0.0,0.0,0.0,0.0,264.0,0.0,34.6,0.0,33.1,7.7,0.0,0.0,0.0,0.0,
2020-07-14,Breakfast,344.2,1.8,0.3,0.1,0.0,0.0,0.0,324.8,286.4,63.7,2.1,12.0,7.6,2.4,7.0,4.0,0.2,
2020-07-14,Lunch,766.0,16.2,0.8,0.1,0.0,0.0,0.0,1488.2,616.7,56.5,5.1,13.5,94.4,54.9,42.1,3.0,4.2,
2020-07-14,Dinner,317.0,6.3,1.5,0.0,0.0,0.0,0.0,1269.0,0.0,43.1,0.0,3.3,19.6,0.0,0.0,0.0,0.0,
2020-07-14,Snacks,977.8,49.6,26.1,6.0,14.7,0.8,262.6,627.5,4833.1,128.0,6.5,89.1,15.7,63.1,66.3,19.9,20.0,
2020-07-15,Breakfast,258.0,7.2,3.2,0.0,0.0,0.0,0.0,287.0,0.0,41.5,0.0,12.9,5.8,0.0,0.0,0.0,0.0,
2020-07-15,Lunch,580.0,7.0,2.0,0.0,0.0,0.0,40.0,1520.0,0.0,92.0,10.0,14.0,34.0,32.0,80.0,60.0,30.0,
2020-07-15,Dinner,593.5,4.4,0.9,0.5,0.5,0.0,0.0,540.0,0.0,66.4,0.0,3.7,44.3,0.0,0.0,0.0,0.0,
2020-07-15,Snacks,1411.9,56.7,30.2,3.5,12.9,0.8,262.6,460.0,3745.1,106.5,11.3,68.3,38.3,30.1,1.0,84.1,16.5,
2020-07-16,Breakfast,260.0,1.3,0.3,0.1,0.0,0.0,0.0,217.0,358.0,52.1,2.6,13.7,5.6,3.0,8.7,5.0,0.3,
2020-07-16,Lunch,680.7,12.7,0.9,0.3,0.1,0.0,0.0,1489.1,652.3,70.6,5.4,13.9,68.6,116.3,48.2,20.2,2.5,
2020-07-16,Dinner,261.3,4.2,1.0,0.3,0.1,0.0,0.0,681.1,652.3,42.1,4.9,10.0,14.1,116.3,48.2,20.2,2.5,
2020-07-16,Snacks,897.1,27.9,7.2,0.0,0.0,0.0,0.0,120.0,0.0,87.5,7.4,9.8,35.5,11.3,0.0,33.8,1.5,
2020-07-17,Breakfast,533.7,4.2,0.7,0.4,0.1,0.0,0.0,636.6,1379.4,106.0,9.5,26.9,18.8,192.8,76.7,41.4,2.5,
2020-07-17,Lunch,1208.1,35.7,6.3,0.8,1.2,0.0,132.4,2121.7,729.8,116.9,9.9,17.0,73.5,0.0,0.0,2.5,5.3,
2020-07-17,Snacks,1066.0,17.1,9.4,0.0,0.0,0.0,0.0,0.0,0.0,62.1,13.2,16.0,47.1,0.0,0.0,0.0,0.0,
2020-07-18,Breakfast,490.0,23.1,0.2,0.0,0.0,0.0,0.0,120.0,0.0,45.3,0.8,6.0,24.8,11.3,0.0,33.8,1.5,
2020-07-18,Lunch,549.7,11.7,5.0,0.0,0.0,0.0,0.0,881.0,0.0,47.8,0.0,9.1,58.6,0.0,0.0,0.0,0.0,
2020-07-18,Dinner,1000.0,0.0,0.0,0.0,0.0,0.0,0.0,0.0,0.0,0.0,0.0,0.0,0.0,0.0,0.0,0.0,0.0,
2020-07-18,Snacks,1388.2,13.1,2.1,0.0,0.0,0.0,0.0,600.2,0.0,109.3,2.2,24.1,8.6,0.0,0.0,0.0,0.0,
2020-07-19,Breakfast,571.0,23.1,8.5,0.0,0.0,0.0,0.0,120.0,0.0,66.3,0.8,13.2,21.8,11.3,0.0,33.8,1.5,
2020-07-19,Lunch,680.0,7.0,2.0,0.0,0.0,0.0,40.0,1520.0,0.0,92.0,10.0,14.0,34.0,32.0,80.0,60.0,30.0,
2020-07-19,Dinner,463.6,14.2,0.1,1.5,10.6,0.0,0.0,715.1,698.2,70.8,3.0,6.8,8.3,0.0,0.0,0.0,6.1,
2020-07-19,Snacks,1363.9,14.0,6.2,0.0,0.0,0.0,0.0,215.1,0.0,22.7,6.6,5.0,32.3,0.0,0.0,0.0,0.0,
2020-07-20,Breakfast,490.0,23.1,0.2,0.0,0.0,0.0,0.0,120.0,0.0,45.3,0.8,6.0,24.8,11.3,0.0,33.8,1.5,
2020-07-20,Lunch,590.6,6.0,1.0,0.3,0.1,0.0,0.0,1227.9,969.8,87.7,8.0,14.9,45.0,153.2,67.9,20.2,4.9,
2020-07-20,Dinner,432.0,11.7,6.6,0.0,0.0,0.0,0.0,792.0,135.0,52.9,0.0,3.0,26.6,9.0,0.0,72.0,0.0,
2020-07-20,Snacks,924.6,34.0,10.2,1.5,10.6,0.0,0.0,648.1,698.2,106.0,12.1,25.3,49.9,0.0,0.0,0.0,6.1,
2020-07-21,Breakfast,322.0,11.0,4.7,0.0,0.0,0.0,0.0,836.0,90.0,36.2,0.8,8.1,18.6,17.3,0.0,81.8,1.5,
2020-07-21,Lunch,521.6,5.5,0.9,0.3,0.1,0.0,0.0,1119.9,969.8,74.6,8.0,14.2,42.7,153.2,67.9,20.2,4.9,
2020-07-21,Dinner,333.0,8.9,4.6,0.0,0.0,0.0,0.0,1084.0,90.0,42.4,0.0,3.4,19.5,6.0,0.0,48.0,0.0,
2020-07-21,Snacks,1245.9,42.1,13.6,1.6,10.6,0.0,0.0,835.8,948.8,135.9,25.4,25.9,80.8,13.4,6.1,37.3,7.8,
2020-07-22,Breakfast,264.0,8.4,4.6,0.0,0.0,0.0,0.0,976.0,90.0,29.3,0.0,2.7,17.3,6.0,0.0,48.0,0.0,
2020-07-22,Lunch,1030.0,54.0,14.0,2.4,6.3,1.5,60.0,1480.0,0.0,103.0,4.6,12.0,27.0,0.0,0.0,0.0,0.0,
2020-07-22,Dinner,411.0,7.9,4.4,0.0,0.0,0.0,0.0,564.0,90.0,39.6,0.0,2.2,18.5,6.0,0.0,48.0,0.0,
2020-07-22,Snacks,1125.2,45.3,9.9,1.5,10.6,0.0,0.0,1115.1,698.2,125.6,18.5,39.1,47.9,37.5,0.0,112.5,11.1,
2020-07-23,Breakfast,355.0,8.8,2.5,0.0,0.0,0.0,0.0,704.0,45.0,50.6,5.0,2.8,14.1,3.0,0.0,24.0,0.0,
2020-07-23,Lunch,492.0,20.1,0.0,0.0,0.0,0.0,0.0,0.0,0.0,52.7,0.0,15.7,23.5,0.0,0.0,0.0,0.0,
2020-07-23,Dinner,1255.0,0.0,0.0,0.0,0.0,0.0,0.0,0.0,0.0,9.0,0.0,0.0,0.3,0.0,0.0,0.0,0.0,
2020-07-23,Snacks,1248.5,13.1,4.1,0.0,0.0,0.0,0.0,1684.0,0.0,74.2,1.5,17.5,18.8,22.5,0.0,67.5,3.0,
2020-07-24,Breakfast,711.0,32.1,14.0,6.0,10.0,0.0,80.0,1328.0,340.0,97.7,12.0,27.7,24.5,16.0,78.0,14.0,24.0,
2020-07-24,Lunch,753.5,18.2,4.3,0.3,0.1,0.0,0.0,2180.8,969.8,65.5,8.4,18.3,79.8,153.2,67.9,20.2,4.9,
2020-07-24,Snacks,1644.3,25.7,4.5,0.0,0.0,0.0,0.0,108.0,0.0,92.6,6.6,2.2,34.5,0.0,0.0,0.0,0.0,
2020-07-25,Breakfast,649.0,10.1,2.2,0.0,0.0,0.0,40.0,1640.0,0.0,100.3,10.8,20.0,35.8,43.3,80.0,93.8,31.5,
2020-07-25,Lunch,1580.0,7.0,2.0,0.0,0.0,0.0,40.0,1520.0,0.0,92.0,10.0,14.0,34.0,32.0,80.0,60.0,30.0,
2020-07-25,Dinner,821.8,10.9,5.9,0.0,0.0,0.0,0.0,1984.0,0.0,57.9,0.1,8.3,40.1,0.0,0.0,0.0,0.0,
2020-07-25,Snacks,169.0,0.5,0.1,0.0,0.0,0.0,0.0,108.0,0.0,13.1,0.0,0.7,2.2,0.0,0.0,0.0,0.0,
2020-07-26,Breakfast,191.4,3.8,0.4,0.0,0.0,0.0,0.0,228.6,214.8,35.1,2.4,14.0,4.7,13.1,5.2,36.8,1.7,
2020-07-26,Lunch,500.8,4.6,0.7,0.3,0.1,0.0,0.0,598.2,873.3,74.0,7.5,14.3,39.6,156.2,71.4,22.2,4.5,
2020-07-26,Dinner,717.6,26.5,6.3,0.8,1.2,0.0,132.4,2114.4,729.8,27.1,4.7,17.0,61.9,0.0,0.0,1.5,5.3,
2020-07-26,Snacks,1265.1,44.8,17.0,1.0,1.0,0.0,4.0,494.1,0.0,171.2,16.2,64.4,32.4,4.0,4.0,2.0,4.0,
2020-07-27,Breakfast,607.0,8.1,1.4,0.4,0.1,0.0,0.0,2387.7,1274.1,104.4,10.1,24.1,29.2,155.8,75.3,24.5,5.1,
2020-07-27,Lunch,490.0,23.1,0.2,0.0,0.0,0.0,0.0,120.0,0.0,45.3,0.8,6.0,24.8,11.3,0.0,33.8,1.5,
2020-07-27,Dinner,659.3,8.3,2.3,0.3,0.1,0.0,40.0,1607.1,652.3,106.3,14.9,22.1,38.4,148.3,128.2,80.2,32.5,
2020-07-27,Snacks,1328.0,79.4,45.4,3.5,19.4,0.8,262.6,872.0,4070.1,144.6,9.7,55.3,30.0,7.6,1.0,16.6,20.0,
2020-07-28,Breakfast,512.3,7.7,0.6,0.4,0.1,0.0,0.0,448.6,1203.7,90.1,6.9,22.3,22.6,83.2,43.9,25.3,4.7,
2020-07-28,Lunch,580.0,7.0,2.0,0.0,0.0,0.0,40.0,1520.0,0.0,92.0,10.0,14.0,34.0,32.0,80.0,60.0,30.0,
2020-07-28,Dinner,645.2,35.7,15.3,0.3,0.1,0.0,200.0,89.5,811.0,15.9,5.5,8.7,61.8,116.3,50.0,20.2,3.7,
2020-07-28,Snacks,847.0,40.8,17.9,0.0,6.5,0.0,0.0,868.0,325.0,98.2,14.6,14.2,29.1,22.5,0.0,67.5,9.5,
2020-07-29,Breakfast,699.0,29.3,0.7,0.0,0.0,0.0,0.0,360.0,0.0,77.5,2.3,33.7,28.9,33.8,0.0,101.3,4.5,
2020-07-29,Lunch,1548.0,36.6,0.0,0.0,0.0,0.0,0.0,0.0,0.0,18.6,0.0,0.0,33.8,0.0,0.0,0.0,0.0,
2020-07-29,Dinner,335.0,1.0,0.2,0.0,0.0,0.0,0.0,297.1,0.0,26.7,6.2,1.2,26.9,0.0,0.0,0.0,16.0,
2020-07-29,Snacks,101.0,0.0,0.0,0.0,0.0,0.0,0.0,0.1,0.0,18.8,0.0,15.8,0.0,0.0,9.0,0.0,0.0,
2020-07-30,Breakfast,196.7,3.8,0.4,0.0,0.0,0.0,0.0,228.7,236.3,36.5,2.5,14.8,4.7,13.3,5.7,37.1,1.7,
2020-07-30,Lunch,317.3,6.6,0.4,0.3,0.1,0.0,0.0,460.5,811.0,44.0,13.4,10.6,18.6,153.2,66.2,20.2,19.7,
2020-07-30,Dinner,1200.0,0.0,0.0,0.0,0.0,0.0,0.0,0.0,0.0,0.0,0.0,0.0,0.0,0.0,0.0,0.0,0.0,
2020-07-30,Snacks,1292.3,31.4,14.3,1.0,7.5,0.0,4.0,650.7,561.3,134.9,13.0,37.7,11.9,17.3,9.7,39.1,12.2,
2020-07-31,Breakfast,846.0,36.9,16.0,2.6,14.0,0.0,0.0,123.0,600.0,81.2,0.0,0.1,48.8,0.0,0.0,2.0,16.0,
2020-07-31,Lunch,192.0,0.9,0.2,0.1,0.0,0.0,0.0,183.0,358.0,42.6,4.1,13.2,4.2,3.0,8.7,5.0,4.3,
2020-07-31,Snacks,1682.6,31.1,14.2,1.0,7.5,0.0,4.0,650.0,325.0,104.1,11.3,13.9,10.7,15.3,4.0,35.8,12.0,
2020-08-01,Breakfast,673.0,9.1,2.2,0.0,0.0,0.0,0.0,121.0,0.0,84.3,13.4,19.6,55.8,11.3,0.0,33.8,1.5,
2020-08-01,Lunch,482.0,22.3,4.5,0.0,0.0,0.0,0.0,690.0,0.0,41.4,8.4,3.9,24.5,0.0,0.0,0.0,0.0,
2020-08-01,Dinner,604.0,3.8,0.3,0.0,0.0,0.0,0.0,1434.0,0.0,49.3,8.6,10.9,14.5,0.0,0.0,0.0,20.0,
2020-08-01,Snacks,1724.3,16.6,2.6,0.0,0.0,0.0,0.0,0.0,0.0,106.8,0.0,0.0,14.1,0.0,0.0,0.0,0.0,
2020-08-02,Breakfast,620.0,8.2,0.0,0.0,0.0,0.0,0.0,0.0,0.0,91.0,0.0,0.0,45.6,0.0,0.0,0.0,0.0,
2020-08-02,Lunch,437.5,4.6,0.4,0.0,0.0,0.0,0.0,1700.0,0.0,53.3,8.9,13.3,17.1,0.0,0.0,0.0,20.0,
2020-08-02,Dinner,331.8,3.7,0.7,0.0,0.0,0.0,0.0,2270.0,0.0,38.1,8.7,3.7,7.5,0.0,0.0,0.0,20.0,
2020-08-02,Snacks,1745.0,37.8,17.7,0.0,6.5,0.0,0.0,748.0,325.0,87.0,13.9,8.2,27.3,11.3,0.0,33.8,8.0,
2020-08-03,Breakfast,571.0,23.1,8.5,0.0,0.0,0.0,0.0,120.0,0.0,66.3,0.8,13.2,21.8,11.3,0.0,33.8,1.5,
2020-08-03,Lunch,426.2,4.3,0.7,0.4,0.1,0.0,0.0,1174.7,1242.4,61.5,14.9,16.0,36.2,155.9,58.7,38.4,24.2,
2020-08-03,Dinner,936.1,48.5,0.7,0.3,0.1,0.0,0.0,1699.1,652.3,54.3,15.4,13.3,82.2,153.2,64.4,20.2,22.5,
2020-08-03,Snacks,753.0,34.7,17.5,0.0,6.5,0.0,0.0,1028.0,325.0,89.1,13.1,2.2,25.5,0.0,0.0,0.0,6.5,
2020-08-04,Breakfast,559.0,26.1,0.4,0.0,0.0,0.0,0.0,240.0,0.0,53.5,1.5,12.0,26.6,22.5,0.0,67.5,3.0,
2020-08-04,Lunch,469.5,6.0,0.6,0.3,0.1,0.0,0.0,1164.5,811.0,84.3,12.6,11.2,23.6,79.4,33.7,20.2,23.7,
2020-08-04,Dinner,539.5,10.6,3.7,0.0,0.0,0.0,0.0,1044.0,0.0,76.6,3.5,7.8,30.4,0.0,0.0,0.0,0.0,
2020-08-04,Snacks,917.1,36.4,20.0,1.0,1.0,0.0,4.0,84.0,0.0,110.5,23.8,48.1,27.0,4.0,4.0,17.0,8.0,
2020-08-05,Breakfast,559.0,26.1,0.4,0.0,0.0,0.0,0.0,240.0,0.0,53.5,1.5,12.0,26.6,22.5,0.0,67.5,3.0,
2020-08-05,Lunch,376.9,8.6,0.7,0.3,0.1,0.0,0.0,1652.1,652.3,50.6,15.9,10.7,20.1,153.2,64.4,20.2,22.5,
2020-08-05,Dinner,608.5,11.2,3.8,0.0,0.0,0.0,0.0,1152.0,0.0,89.8,3.5,8.6,32.6,0.0,0.0,0.0,0.0,
2020-08-05,Snacks,728.3,26.8,8.0,1.0,1.0,0.0,4.0,10.0,0.0,78.7,10.6,2.5,33.4,4.0,4.0,2.0,4.0,
2020-08-06,Breakfast,439.0,20.0,0.0,0.0,0.0,0.0,0.0,0.0,0.0,37.0,0.0,0.0,23.0,0.0,0.0,0.0,0.0,
2020-08-06,Lunch,376.9,8.6,0.7,0.3,0.1,0.0,0.0,1652.1,652.3,50.6,15.9,10.7,20.1,153.2,64.4,20.2,22.5,
2020-08-06,Dinner,726.6,14.9,4.6,0.3,0.1,0.0,0.0,3064.1,652.3,107.2,7.6,18.1,38.4,79.4,31.9,20.2,2.5,
2020-08-06,Snacks,1014.6,24.4,5.3,1.5,10.6,0.0,0.0,607.1,698.2,117.9,10.1,31.5,33.1,0.0,0.0,15.0,6.1,
2020-08-07,Breakfast,284.0,8.6,4.2,0.0,0.0,0.0,0.0,108.0,0.0,28.3,6.0,2.7,24.6,0.0,0.0,0.0,0.0,
2020-08-07,Lunch,441.1,6.4,1.1,0.3,0.1,0.0,0.0,2433.2,652.3,54.9,16.0,12.5,37.6,153.2,64.4,20.2,22.5,
2020-08-07,Dinner,788.0,3.1,0.9,0.0,0.0,0.0,0.0,400.0,0.0,39.6,3.2,4.0,18.9,0.0,0.0,0.0,0.0,
2020-08-07,Snacks,1692.0,30.0,8.1,1.8,10.7,0.0,0.0,1771.2,1350.5,179.2,12.0,28.6,55.4,79.4,31.9,20.2,8.6,
2020-08-08,Breakfast,638.0,8.2,0.0,0.0,0.0,0.0,0.0,0.0,0.0,91.0,0.0,0.0,45.6,0.0,0.0,0.0,0.0,
2020-08-08,Lunch,282.7,6.2,2.4,0.1,0.0,0.0,0.0,1402.0,442.0,43.3,3.4,9.0,13.3,6.0,14.0,4.0,4.0,
2020-08-08,Dinner,1702.0,29.6,0.0,0.0,0.0,0.0,0.0,0.0,0.0,52.2,0.0,0.0,5.6,0.0,0.0,0.0,0.0,
2020-08-08,Snacks,656.8,21.1,12.8,1.4,1.8,0.0,0.0,644.0,0.0,82.2,3.4,39.8,38.0,0.0,0.0,0.0,0.0,
2020-08-09,Breakfast,293.0,8.6,4.2,0.0,0.0,0.0,0.0,108.0,0.0,28.3,6.0,2.7,24.6,0.0,0.0,0.0,0.0,
2020-08-09,Lunch,236.0,3.6,0.0,0.0,0.0,0.0,0.0,0.0,0.0,33.9,3.5,2.3,15.2,0.0,0.0,0.0,0.0,
2020-08-09,Dinner,877.3,14.6,4.3,2.5,2.5,0.0,212.5,2023.0,640.0,52.3,8.0,3.2,87.3,0.0,0.0,2.5,27.0,
2020-08-09,Snacks,1383.5,63.5,30.9,3.5,12.9,0.8,262.6,1271.9,3745.1,108.3,7.1,68.4,31.4,7.6,1.0,16.6,13.5,
2020-08-10,Breakfast,433.1,9.4,4.4,0.1,0.0,0.0,0.0,216.9,322.2,62.1,8.3,14.5,27.9,2.7,7.8,4.5,0.2,
2020-08-10,Lunch,1500.0,0.0,0.0,0.0,0.0,0.0,0.0,0.0,0.0,0.0,0.0,0.0,0.0,0.0,0.0,0.0,0.0,
2020-08-10,Dinner,403.5,7.0,3.7,0.0,0.0,0.0,0.0,1044.0,0.0,42.7,0.0,5.5,15.2,0.0,0.0,0.0,0.0,
2020-08-10,Snacks,2642.0,56.9,27.3,3.5,12.9,0.8,262.6,449.9,3745.1,157.2,11.7,63.8,26.8,7.6,1.0,16.6,25.5,
2020-08-11,Breakfast,439.0,20.0,0.0,0.0,0.0,0.0,0.0,0.0,0.0,37.0,0.0,0.0,23.0,0.0,0.0,0.0,0.0,
2020-08-11,Lunch,441.3,5.9,1.0,0.3,0.1,0.0,0.0,2175.6,811.0,55.1,16.6,12.5,38.6,153.2,66.2,20.2,23.7,
2020-08-11,Dinner,696.3,21.1,7.4,0.3,0.1,0.0,90.0,882.1,742.3,76.7,12.5,30.6,50.6,145.4,46.9,80.2,26.5,
2020-08-11,Snacks,511.3,18.6,3.6,1.0,1.0,0.0,4.0,10.0,0.0,65.1,4.0,1.0,10.1,4.0,4.0,2.0,4.0,
2020-08-12,Breakfast,737.0,28.5,12.3,0.0,0.0,0.0,120.0,1080.0,90.0,55.4,14.0,30.0,62.2,86.0,20.0,64.0,32.0,
2020-08-12,Lunch,667.3,13.3,3.2,0.4,0.1,0.0,0.0,4375.9,1401.2,69.7,19.0,20.7,65.2,229.7,92.9,38.4,25.4,
2020-08-12,Dinner,840.0,24.0,8.2,0.0,0.0,0.0,120.0,1080.0,90.0,74.1,11.5,30.3,55.0,86.0,20.0,64.0,32.0,
2020-08-12,Snacks,1166.1,45.7,21.2,0.0,0.0,0.0,0.0,93.9,0.0,79.8,12.0,62.2,44.2,0.0,0.0,0.0,4.0,
2020-08-13,Breakfast,511.0,12.0,1.3,0.0,0.0,0.0,0.0,1900.0,0.0,69.0,0.0,3.7,27.0,0.0,0.0,0.0,0.0,
2020-08-13,Lunch,448.6,5.1,0.9,0.3,0.1,0.0,0.0,1367.9,969.8,59.1,16.9,14.7,40.0,153.2,67.9,20.2,24.9,
2020-08-13,Dinner,707.3,14.3,6.5,1.7,1.9,0.0,0.0,1480.1,742.3,97.1,6.9,14.5,46.7,85.4,31.9,68.2,2.5,
2020-08-13,Snacks,1011.0,0.0,0.0,0.0,0.0,0.0,0.0,400.0,0.0,4.4,0.0,0.0,0.0,0.0,0.0,0.0,0.0,
2020-08-14,Breakfast,558.0,23.0,1.8,0.0,0.0,0.0,0.0,989.0,0.0,56.9,4.1,3.0,24.4,0.0,0.0,0.0,0.0,
2020-08-14,Lunch,448.6,5.1,0.9,0.3,0.1,0.0,0.0,1367.9,969.8,59.1,16.9,14.7,40.0,153.2,67.9,20.2,24.9,
2020-08-14,Dinner,327.0,7.4,0.9,0.0,0.0,0.0,0.0,0.9,0.0,41.6,0.0,0.0,21.7,0.0,0.0,0.0,0.0,
2020-08-14,Snacks,2671.0,56.1,9.8,0.0,0.0,0.0,0.0,1160.5,222.0,480.6,13.9,41.1,58.0,1.9,5.4,3.1,0.2,
2020-08-15,Breakfast,89.0,0.1,0.0,0.0,0.0,0.0,0.0,0.0,0.0,15.7,2.4,15.7,0.5,0.0,0.0,0.0,0.0,
2020-08-15,Lunch,829.6,26.0,0.7,0.3,0.1,0.0,0.0,2146.8,969.8,79.7,13.2,16.2,68.2,153.2,67.9,20.2,4.9,
2020-08-15,Dinner,778.8,24.8,3.8,0.0,0.0,0.0,0.0,1300.0,0.0,110.0,3.0,6.9,25.9,0.0,0.0,0.0,8.0,
2020-08-15,Snacks,2131.0,5.0,1.8,1.4,1.8,0.0,0.0,644.0,0.0,180.0,3.4,4.4,36.7,0.0,0.0,0.0,0.0,
2020-08-16,Breakfast,209.0,6.2,0.4,0.0,0.0,0.0,0.0,240.0,0.0,32.2,3.9,27.7,4.1,22.5,0.0,67.5,3.0,
2020-08-16,Lunch,236.0,3.6,0.0,0.0,0.0,0.0,0.0,0.0,0.0,33.9,3.5,2.3,15.2,0.0,0.0,0.0,0.0,
2020-08-16,Dinner,930.8,20.2,8.3,1.5,1.5,0.0,127.5,1179.0,384.0,92.6,6.9,5.6,88.8,0.0,0.0,1.5,9.0,
2020-08-16,Snacks,1328.9,61.2,17.2,0.0,0.0,0.0,0.0,239.9,0.0,99.9,4.6,34.9,21.5,0.0,0.0,0.0,0.0,
2020-08-17,Breakfast,539.3,10.4,1.1,0.3,0.1,0.0,0.0,1293.2,652.3,69.4,16.4,23.5,39.0,175.7,64.4,87.7,25.5,
2020-08-17,Lunch,345.0,6.9,2.6,0.0,0.0,0.0,0.0,830.0,0.0,39.8,3.8,2.8,29.9,0.0,0.0,0.0,4.0,
2020-08-17,Dinner,474.3,9.3,4.2,0.3,0.1,0.0,0.0,1687.1,873.3,76.8,3.7,17.3,22.0,82.4,38.9,22.2,4.5,
2020-08-17,Snacks,1080.0,56.5,27.2,3.5,12.9,0.8,262.6,227.9,3745.1,65.6,7.1,62.9,16.2,7.6,1.0,16.6,13.5,
2020-08-18,Breakfast,539.3,10.4,1.1,0.3,0.1,0.0,0.0,1293.2,652.3,69.4,16.4,23.5,39.0,175.7,64.4,87.7,25.5,
2020-08-18,Lunch,657.0,23.6,0.0,0.0,0.0,0.0,0.0,0.0,0.0,70.9,3.5,2.3,38.2,0.0,0.0,0.0,0.0,
2020-08-18,Dinner,472.5,7.6,3.8,0.0,0.0,0.0,0.0,1152.0,0.0,55.9,0.0,6.3,17.4,0.0,0.0,0.0,0.0,
2020-08-18,Snacks,532.3,16.7,2.6,0.0,0.0,0.0,0.0,0.0,0.0,74.8,2.4,15.7,8.6,0.0,0.0,0.0,0.0,
2020-08-19,Breakfast,610.3,10.5,1.1,0.3,0.1,0.0,0.0,1293.2,652.3,85.1,18.8,39.2,39.5,175.7,64.4,87.7,25.5,
2020-08-19,Lunch,262.0,10.4,7.1,0.0,0.0,0.0,40.0,482.0,0.0,20.0,4.6,0.9,7.6,0.0,0.0,8.0,12.0,
2020-08-19,Dinner,847.3,9.9,5.6,0.0,0.0,0.0,20.0,922.0,0.0,54.3,0.0,4.7,15.7,0.0,0.0,4.0,0.0,
2020-08-19,Snacks,754.0,29.4,12.6,0.0,0.0,0.0,0.0,74.0,0.0,90.9,7.7,35.7,25.4,0.0,0.0,0.0,4.0,
2020-08-20,Breakfast,656.3,12.6,1.3,0.3,0.1,0.0,0.0,1373.2,652.3,90.6,19.3,43.2,40.7,183.2,64.4,110.2,26.5,
2020-08-20,Lunch,378.0,10.7,1.8,3.1,5.3,0.0,0.0,468.0,0.0,42.1,4.7,4.7,23.6,0.0,0.0,0.0,0.0,
2020-08-20,Dinner,721.0,10.1,0.3,0.0,0.0,0.0,0.0,582.0,0.0,54.6,0.0,5.0,62.9,0.0,0.0,0.0,0.0,
2020-08-20,Snacks,943.8,28.6,9.0,1.5,7.6,0.0,0.0,576.8,698.2,118.9,21.4,45.1,43.4,0.0,0.0,6.1,6.1,
2020-08-21,Breakfast,564.3,8.5,1.0,0.3,0.1,0.0,0.0,1213.2,652.3,79.6,18.3,35.2,38.3,168.2,64.4,65.2,24.5,
2020-08-21,Lunch,445.0,24.1,1.5,0.0,0.0,0.0,0.0,756.0,0.0,33.1,2.3,2.5,31.6,0.0,0.0,0.0,0.0,
2020-08-21,Dinner,486.0,12.1,7.3,0.0,0.0,0.0,40.0,692.0,0.0,52.6,0.0,3.0,13.9,0.0,0.0,8.0,0.0,
2020-08-21,Snacks,1389.3,17.0,0.0,0.0,0.0,0.0,0.0,0.0,0.0,88.7,0.0,0.0,8.8,0.0,0.0,0.0,0.0,
2020-08-22,Breakfast,530.8,5.0,0.8,0.3,0.1,0.0,0.0,1387.2,652.3,76.6,18.8,28.1,37.2,153.2,64.4,20.2,26.5,
2020-08-22,Lunch,248.0,11.0,7.2,0.0,0.0,0.0,40.0,476.0,0.0,26.3,0.0,1.5,9.5,0.0,0.0,8.0,0.0,
2020-08-22,Dinner,403.5,7.0,3.7,0.0,0.0,0.0,0.0,1044.0,0.0,42.7,0.0,5.5,15.2,0.0,0.0,0.0,0.0,
2020-08-22,Snacks,1640.2,51.9,4.6,0.0,0.0,0.0,0.0,0.0,0.0,108.8,1.6,11.9,51.2,0.0,0.0,0.0,0.0,
2020-08-23,Breakfast,515.5,12.0,1.3,0.0,0.0,0.0,0.0,1900.0,0.0,69.0,0.0,3.7,27.0,0.0,0.0,0.0,0.0,
2020-08-23,Lunch,517.3,5.0,0.8,0.3,0.1,0.0,0.0,1387.2,652.3,76.6,18.8,28.1,37.2,153.2,64.4,20.2,26.5,
2020-08-23,Dinner,472.5,7.6,3.8,0.0,0.0,0.0,0.0,1152.0,0.0,55.9,0.0,6.3,17.4,0.0,0.0,0.0,0.0,
2020-08-23,Snacks,2094.3,54.5,25.4,5.0,20.5,0.8,262.6,796.8,4443.3,126.2,6.2,62.5,16.1,7.6,1.0,22.7,19.6,
2020-08-24,Breakfast,502.8,5.0,0.8,0.3,0.1,0.0,0.0,1461.2,652.3,67.6,17.9,12.7,37.6,153.2,64.4,20.2,30.5,
2020-08-24,Lunch,735.3,24.9,0.0,0.0,0.0,0.0,0.0,1300.9,0.0,61.1,4.5,3.4,63.3,0.0,0.0,0.0,0.0,
2020-08-24,Dinner,423.5,7.0,3.7,0.0,0.0,0.0,0.0,1046.0,0.0,46.7,0.0,7.5,15.2,0.0,0.0,0.0,0.0,
2020-08-24,Snacks,1066.0,0.0,0.0,0.0,0.0,0.0,0.0,0.0,0.0,6.0,0.0,0.0,0.0,0.0,0.0,0.0,0.0,
2020-08-25,Breakfast,896.6,28.6,0.6,0.3,0.1,0.0,0.0,2243.0,652.3,82.0,11.7,14.0,71.4,153.2,64.4,20.2,2.5,
2020-08-25,Lunch,236.0,3.6,0.0,0.0,0.0,0.0,0.0,0.0,0.0,33.9,3.5,2.3,15.2,0.0,0.0,0.0,0.0,
2020-08-25,Dinner,443.3,4.5,2.0,0.0,0.0,0.0,0.0,834.0,0.0,58.4,3.0,6.5,12.7,0.0,0.0,0.0,8.0,
2020-08-25,Snacks,1028.3,54.5,25.4,5.0,20.5,0.8,262.6,796.8,4443.3,120.2,6.2,62.5,16.1,7.6,1.0,22.7,19.6,
2020-08-26,Breakfast,638.0,8.2,0.0,0.0,0.0,0.0,0.0,0.0,0.0,91.0,0.0,0.0,45.6,0.0,0.0,0.0,0.0,
2020-08-26,Lunch,438.3,4.6,0.8,0.3,0.1,0.0,0.0,1387.2,652.3,60.0,15.9,12.4,36.3,153.2,64.4,20.2,26.5,
2020-08-26,Dinner,835.3,24.9,0.0,0.0,0.0,0.0,0.0,1300.9,0.0,61.1,4.5,3.4,63.3,0.0,0.0,0.0,0.0,
2020-08-26,Snacks,725.3,20.7,4.2,1.5,7.6,0.0,0.0,1084.8,698.2,93.3,9.0,11.8,30.7,0.0,0.0,6.1,6.1,
2020-08-27,Breakfast,438.3,4.6,0.8,0.3,0.1,0.0,0.0,1387.2,652.3,60.0,15.9,12.4,36.3,153.2,64.4,20.2,26.5,
2020-08-27,Lunch,735.3,24.9,0.0,0.0,0.0,0.0,0.0,1300.9,0.0,61.1,4.5,3.4,63.3,0.0,0.0,0.0,0.0,
2020-08-27,Dinner,403.5,7.0,3.7,0.0,0.0,0.0,0.0,1044.0,0.0,42.7,0.0,5.5,15.2,0.0,0.0,0.0,0.0,
2020-08-27,Snacks,1407.3,12.1,0.0,1.5,7.6,0.0,0.0,1376.8,698.2,63.4,3.0,9.1,6.1,0.0,0.0,6.1,6.1,
2020-08-28,Breakfast,600.0,10.0,4.6,0.0,0.0,0.0,0.0,1021.1,90.0,66.9,0.1,1.8,46.7,6.0,0.0,48.0,0.0,
2020-08-28,Lunch,712.0,13.1,0.3,0.0,0.0,0.0,0.0,967.5,0.0,69.1,0.0,4.3,78.9,0.0,0.0,0.0,0.0,
2020-08-28,Dinner,311.0,7.9,4.4,0.0,0.0,0.0,0.0,564.0,90.0,39.6,0.0,2.2,18.5,6.0,0.0,48.0,0.0,
2020-08-28,Snacks,2674.8,12.1,0.0,1.5,7.6,0.0,0.0,576.8,698.2,107.4,3.0,9.1,11.1,0.0,0.0,6.1,6.1,
2020-08-29,Breakfast,642.0,3.7,0.5,0.0,0.0,0.0,0.0,0.0,0.0,93.9,4.8,31.4,24.3,0.0,0.0,0.0,0.0,
2020-08-29,Lunch,405.5,4.2,0.7,0.1,0.0,0.0,0.0,1378.1,221.0,52.9,13.7,7.6,34.7,76.8,39.5,2.0,26.0,
2020-08-29,Dinner,835.3,24.9,0.0,0.0,0.0,0.0,0.0,1300.9,0.0,61.1,4.5,3.4,63.3,0.0,0.0,0.0,0.0,
2020-08-29,Snacks,692.8,20.2,4.1,1.5,7.6,0.0,0.0,1376.8,698.2,84.6,9.0,11.1,28.5,0.0,0.0,6.1,6.1,
2020-08-30,Breakfast,930.8,41.2,14.0,0.0,0.0,0.0,0.0,78.0,0.0,105.3,7.5,37.7,32.2,0.0,0.0,0.0,4.0,
2020-08-30,Lunch,545.3,37.5,0.0,0.0,0.0,0.0,0.0,0.0,0.0,19.7,0.0,0.0,37.5,0.0,0.0,0.0,0.0,
2020-08-30,Dinner,1125.0,45.0,20.0,3.3,17.5,0.0,0.0,152.5,660.0,0.0,0.0,0.0,52.5,0.0,0.0,2.5,20.0,
2020-08-30,Snacks,696.3,17.6,0.1,0.0,0.0,0.0,0.0,1170.0,0.0,88.9,7.6,1.5,11.1,0.0,0.0,0.0,20.0,
2020-08-31,Breakfast,533.3,4.7,0.8,0.3,0.1,0.0,0.0,1387.2,652.3,75.7,15.9,28.1,36.8,153.2,64.4,20.2,26.5,
2020-08-31,Lunch,434.5,20.0,0.0,0.0,0.0,0.0,0.0,0.0,0.0,37.0,0.0,0.0,23.0,0.0,0.0,0.0,0.0,
2020-08-31,Dinner,286.0,0.5,0.1,0.0,0.0,0.0,0.0,296.0,0.0,26.6,6.1,1.2,3.4,0.0,0.0,0.0,16.0,
2020-08-31,Snacks,1050.3,54.5,25.4,5.0,20.5,0.8,262.6,1596.8,4443.3,129.0,6.2,62.5,16.1,7.6,1.0,22.7,19.6,
2020-09-01,Breakfast,509.3,4.7,0.8,0.3,0.1,0.0,0.0,1387.2,652.3,75.7,15.9,28.1,36.8,153.2,64.4,20.2,26.5,
2020-09-01,Lunch,580.0,7.0,2.0,0.0,0.0,0.0,40.0,1520.0,0.0,92.0,10.0,14.0,34.0,32.0,80.0,60.0,30.0,
2020-09-01,Dinner,168.0,0.2,0.0,0.0,0.0,0.0,0.0,148.0,0.0,13.3,3.0,0.6,1.7,0.0,0.0,0.0,8.0,
2020-09-01,Snacks,1433.3,12.1,0.0,1.5,7.6,0.0,0.0,576.8,698.2,57.6,3.0,9.1,6.1,0.0,0.0,6.1,6.1,
2020-09-02,Breakfast,773.3,8.7,1.6,0.3,0.1,0.0,0.0,4586.1,1212.3,132.2,31.8,35.5,33.8,153.2,64.4,860.2,26.5,
2020-09-02,Lunch,156.7,0.3,0.0,0.1,0.0,0.0,0.0,58.2,583.6,33.0,3.4,22.4,4.9,240.0,13.3,18.3,3.6,
2020-09-02,Dinner,586.0,13.5,7.6,0.0,0.0,0.0,40.0,1660.0,0.0,70.2,6.1,5.2,16.6,0.0,0.0,8.0,16.0,
2020-09-02,Snacks,1083.3,54.5,25.4,5.0,20.5,0.8,262.6,1596.8,4443.3,132.0,6.2,62.5,16.1,7.6,1.0,22.7,19.6,
2020-09-03,Breakfast,703.3,9.3,1.7,0.3,0.1,0.0,0.0,3727.2,652.3,104.0,15.9,49.2,41.8,153.2,64.4,20.2,26.5,
2020-09-03,Lunch,835.3,24.9,0.0,0.0,0.0,0.0,0.0,1300.9,0.0,61.1,4.5,3.4,63.3,0.0,0.0,0.0,0.0,
2020-09-03,Snacks,1050.3,54.5,25.4,5.0,20.5,0.8,262.6,1596.8,4443.3,129.0,6.2,62.5,16.1,7.6,1.0,22.7,19.6,
2020-09-04,Breakfast,844.3,8.8,1.6,0.3,0.1,0.0,0.0,4586.1,1212.3,147.9,31.8,51.2,34.3,153.2,64.4,860.2,26.5,
2020-09-04,Dinner,411.0,7.9,4.4,0.0,0.0,0.0,0.0,564.0,90.0,39.6,0.0,2.2,18.5,6.0,0.0,48.0,0.0,
2020-09-04,Snacks,1259.1,16.5,2.5,0.0,0.0,0.0,0.0,216.8,0.0,81.0,0.8,11.8,11.1,0.0,0.0,0.0,0.0,
2020-09-05,Breakfast,640.0,23.0,1.8,0.0,0.0,0.0,0.0,989.0,0.0,56.9,4.1,3.0,24.4,0.0,0.0,0.0,0.0,
2020-09-05,Lunch,735.3,24.9,0.0,0.0,0.0,0.0,0.0,1300.9,0.0,61.1,4.5,3.4,63.3,0.0,0.0,0.0,0.0,
2020-09-05,Dinner,835.3,24.9,0.0,0.0,0.0,0.0,0.0,1300.9,0.0,61.1,4.5,3.4,63.3,0.0,0.0,0.0,0.0,
2020-09-05,Snacks,1468.3,12.2,0.0,1.5,7.6,0.0,0.0,576.8,698.2,73.3,3.0,24.8,6.6,0.0,0.0,6.1,6.1,
2020-09-06,Breakfast,579.0,2.5,0.1,0.0,0.0,0.0,0.0,1.1,0.0,78.1,0.1,0.0,35.9,0.0,0.0,0.0,0.0,
2020-09-06,Lunch,1601.4,0.0,0.0,0.0,0.0,0.0,0.0,0.0,0.0,89.5,0.0,0.0,10.0,0.0,0.0,0.0,0.0,
2020-09-06,Dinner,300.0,0.0,0.0,0.0,0.0,0.0,0.0,0.0,0.0,0.0,0.0,0.0,0.0,0.0,0.0,0.0,0.0,
2020-09-06,Snacks,82.0,0.2,0.0,0.0,0.0,0.0,0.0,0.0,0.0,16.4,2.4,15.7,1.5,0.0,0.0,0.0,0.0,
2020-09-07,Breakfast,723.3,11.6,0.7,0.3,0.1,0.0,0.0,1536.1,652.3,60.2,14.9,14.4,66.0,153.2,64.4,20.2,26.5,
2020-09-07,Lunch,416.0,0.0,0.0,0.0,0.0,0.0,0.0,0.0,0.0,0.0,0.0,0.0,0.0,0.0,0.0,0.0,0.0,
2020-09-07,Dinner,312.0,10.4,7.1,0.0,0.0,0.0,40.0,482.0,0.0,20.0,4.6,0.9,7.6,0.0,0.0,8.0,12.0,
2020-09-07,Snacks,1622.0,0.1,0.0,0.0,0.0,0.0,0.0,400.0,0.0,51.9,2.4,15.7,0.5,0.0,0.0,0.0,0.0,
2020-09-08,Breakfast,941.6,28.4,0.6,0.3,0.1,0.0,0.0,2243.0,652.3,96.8,13.6,29.7,71.5,153.2,64.4,20.2,2.5,
2020-09-08,Lunch,100.0,0.0,0.0,0.0,0.0,0.0,0.0,0.0,0.0,0.0,0.0,0.0,0.0,0.0,0.0,0.0,0.0,
2020-09-08,Dinner,476.0,0.5,0.1,0.0,0.0,0.0,0.0,1156.0,560.0,70.6,22.1,3.2,19.4,0.0,0.0,840.0,16.0,
2020-09-08,Snacks,1062.3,54.5,25.4,5.0,20.5,0.8,262.6,1596.8,4443.3,129.0,6.2,62.5,16.1,7.6,1.0,22.7,19.6,
2020-09-09,Breakfast,591.6,4.7,0.8,0.3,0.1,0.0,0.0,1391.9,969.8,91.0,19.5,41.3,39.9,153.2,67.9,20.2,28.9,
2020-09-09,Lunch,100.0,0.0,0.0,0.0,0.0,0.0,0.0,0.0,0.0,0.0,0.0,0.0,0.0,0.0,0.0,0.0,0.0,
2020-09-09,Dinner,236.0,0.5,0.1,0.0,0.0,0.0,0.0,296.0,0.0,26.6,6.1,1.2,3.4,0.0,0.0,0.0,16.0,
2020-09-09,Snacks,1467.0,75.9,27.9,3.5,12.9,0.8,262.6,436.8,3745.1,166.5,4.0,57.2,24.9,7.6,1.0,16.6,13.5,
2020-09-10,Breakfast,824.3,25.8,0.2,0.4,0.1,0.0,0.0,1322.1,1083.7,80.8,9.7,15.5,67.5,155.9,56.9,38.4,3.0,
2020-09-10,Lunch,100.0,0.0,0.0,0.0,0.0,0.0,0.0,0.0,0.0,0.0,0.0,0.0,0.0,0.0,0.0,0.0,0.0,
2020-09-10,Dinner,653.0,8.2,0.0,0.0,0.0,0.0,0.0,0.0,0.0,91.0,0.0,0.0,45.6,0.0,0.0,0.0,0.0,
2020-09-10,Snacks,1310.0,56.7,27.2,3.5,12.9,0.8,262.6,1027.9,3745.1,111.8,11.9,94.3,17.2,7.6,1.0,16.6,13.5,
2020-09-11,Breakfast,1000.3,24.9,0.0,0.0,0.0,0.0,0.0,1300.9,0.0,61.1,4.5,3.4,63.3,0.0,0.0,0.0,0.0,
2020-09-11,Lunch,100.0,0.0,0.0,0.0,0.0,0.0,0.0,0.0,0.0,0.0,0.0,0.0,0.0,0.0,0.0,0.0,0.0,
2020-09-11,Dinner,1011.0,18.2,0.3,0.0,0.0,0.0,0.0,1068.0,0.0,83.3,9.1,8.0,119.8,0.0,0.0,0.0,24.0,
2020-09-11,Snacks,2188.6,46.5,23.8,0.0,0.0,0.0,0.0,155.9,0.0,95.5,6.9,80.9,34.5,0.0,0.0,0.0,8.0,
2020-09-12,Breakfast,46.0,0.0,0.0,0.0,0.0,0.0,0.0,800.0,0.0,8.8,0.0,0.0,0.0,0.0,0.0,0.0,0.0,
2020-09-12,Lunch,100.0,0.0,0.0,0.0,0.0,0.0,0.0,0.0,0.0,0.0,0.0,0.0,0.0,0.0,0.0,0.0,0.0,
2020-09-12,Dinner,835.3,24.9,0.0,0.0,0.0,0.0,0.0,1300.9,0.0,61.1,4.5,3.4,63.3,0.0,0.0,0.0,0.0,
2020-09-12,Snacks,1590.3,12.8,0.6,1.5,7.6,0.0,0.0,576.8,698.2,88.5,3.0,22.1,8.6,0.0,0.0,6.1,6.1,
2020-09-13,Breakfast,121.0,0.1,0.0,0.0,0.0,0.0,0.0,0.0,0.0,15.7,2.4,15.7,0.5,0.0,0.0,0.0,0.0,
2020-09-13,Lunch,1920.8,0.0,0.0,0.0,0.0,0.0,0.0,0.0,0.0,90.4,0.0,0.0,0.0,0.0,0.0,0.0,0.0,
2020-09-13,Dinner,406.3,2.6,0.4,0.3,0.1,0.0,0.0,606.1,652.3,55.7,15.8,10.6,11.3,153.2,64.4,20.2,26.5,
2020-09-13,Snacks,1028.3,54.5,25.4,5.0,20.5,0.8,262.6,796.8,4443.3,120.2,6.2,62.5,16.1,7.6,1.0,22.7,19.6,
2020-09-14,Breakfast,83.0,0.1,0.0,0.0,0.0,0.0,0.0,0.0,0.0,15.7,2.4,15.7,0.5,0.0,0.0,0.0,0.0,
2020-09-14,Lunch,758.3,41.0,0.3,0.3,0.1,0.0,0.0,234.1,652.3,32.6,7.6,8.2,56.4,79.4,31.9,20.2,14.5,
2020-09-14,Dinner,180.5,1.2,0.2,0.4,0.1,0.0,0.0,172.2,1304.7,38.5,8.9,15.2,6.9,158.9,63.9,40.4,13.0,
2020-09-14,Snacks,1773.4,87.7,36.4,5.0,20.5,0.8,262.6,796.8,4443.3,216.3,8.6,113.6,36.7,7.6,1.0,22.7,19.6,
2020-09-15,Breakfast,859.8,25.9,0.2,0.4,0.1,0.0,0.0,1325.1,1304.7,86.3,10.4,18.0,68.5,158.9,63.9,40.4,5.0,
2020-09-15,Lunch,100.0,0.0,0.0,0.0,0.0,0.0,0.0,0.0,0.0,0.0,0.0,0.0,0.0,0.0,0.0,0.0,0.0,
2020-09-15,Dinner,1039.8,16.4,0.3,0.4,0.1,0.0,0.0,225.1,1651.3,58.2,14.3,26.4,35.3,126.4,252.9,34.2,22.5,
2020-09-15,Snacks,785.8,30.3,12.8,0.0,0.0,0.0,0.0,81.9,0.0,46.3,5.4,45.2,20.4,0.0,0.0,0.0,4.0,
2020-09-16,Breakfast,83.0,0.1,0.0,0.0,0.0,0.0,0.0,0.0,0.0,15.7,2.4,15.7,0.5,0.0,0.0,0.0,0.0,
2020-09-16,Lunch,1281.8,20.7,0.2,0.3,0.1,0.0,0.0,15.1,873.3,18.1,3.7,9.8,29.2,82.4,38.9,22.2,4.5,
2020-09-16,Dinner,395.0,1.0,0.1,0.0,0.0,0.0,0.0,189.0,292.0,109.3,18.7,11.4,8.4,9000.0,37.5,133.0,11.8,
2020-09-16,Snacks,1184.0,56.6,27.2,3.5,12.9,0.8,262.6,1427.9,3745.1,94.5,9.5,78.6,16.7,7.6,1.0,16.6,13.5,
2020-09-17,Breakfast,758.6,18.1,11.4,0.3,0.1,0.0,0.0,360.1,1019.3,141.5,16.5,67.5,24.8,3082.4,55.4,67.2,18.1,
2020-09-17,Lunch,71.0,0.1,0.0,0.0,0.0,0.0,0.0,0.0,0.0,15.7,2.4,15.7,0.5,0.0,0.0,0.0,0.0,
2020-09-17,Dinner,818.8,34.6,4.4,0.3,0.1,0.0,0.0,1994.1,944.3,80.7,10.1,24.5,55.8,153.2,88.4,24.2,4.5,
2020-09-17,Snacks,1099.3,54.6,25.4,5.0,20.5,0.8,262.6,796.8,4443.3,135.9,8.6,78.2,16.6,7.6,1.0,22.7,19.6,
2020-09-18,Breakfast,699.3,14.1,1.7,0.3,0.1,0.0,0.0,2070.1,944.3,102.8,10.1,20.9,35.4,153.2,88.4,24.2,4.5,
2020-09-18,Lunch,392.0,5.1,1.8,1.4,1.8,0.0,0.0,644.0,0.0,58.3,5.8,20.1,25.2,0.0,0.0,0.0,0.0,
2020-09-18,Dinner,701.8,4.5,0.8,0.3,0.1,0.0,0.0,2246.1,1212.3,129.5,32.8,15.8,32.5,153.2,64.4,860.2,26.5,
2020-09-18,Snacks,1591.0,0.0,0.0,0.0,0.0,0.0,0.0,0.0,0.0,89.5,0.0,0.0,10.0,0.0,0.0,0.0,0.0,
2020-09-19,Breakfast,839.1,25.6,0.2,0.3,0.1,0.0,0.0,1316.0,873.3,79.2,8.2,13.2,66.9,82.4,38.9,22.2,4.5,
2020-09-19,Dinner,815.1,25.6,0.2,0.3,0.1,0.0,0.0,1316.0,873.3,79.2,8.2,13.2,66.9,82.4,38.9,22.2,4.5,
2020-09-19,Snacks,1419.3,12.1,0.0,1.5,7.6,0.0,0.0,1376.8,698.2,66.4,3.0,9.1,6.1,0.0,0.0,6.1,6.1,
2020-09-20,Breakfast,733.1,20.3,11.7,0.3,0.1,0.0,0.0,1460.1,652.3,106.2,17.3,48.1,27.0,153.2,64.4,20.2,30.5,
2020-09-20,Lunch,839.0,4.9,0.3,0.0,0.0,0.0,0.0,855.0,0.0,36.4,2.1,2.8,35.1,0.0,0.0,0.0,0.0,
2020-09-20,Dinner,454.0,15.9,10.8,0.0,0.0,0.0,60.0,1170.0,0.0,35.4,2.1,1.8,15.6,0.0,0.0,12.0,0.0,
2020-09-20,Snacks,1121.3,54.6,25.4,5.0,20.5,0.8,262.6,1596.8,4443.3,144.7,8.6,78.2,16.6,7.6,1.0,22.7,19.6,
2020-09-21,Breakfast,473.8,11.7,7.5,0.3,0.1,0.0,40.0,1055.1,873.3,69.2,8.2,27.3,17.2,82.4,38.9,30.2,4.5,
2020-09-21,Lunch,1281.0,34.0,0.0,0.0,0.0,0.0,0.0,70.1,384.0,89.1,0.0,0.0,7.9,0.0,0.0,6.7,1.5,
2020-09-21,Dinner,1289.0,0.9,0.3,0.0,0.0,0.0,0.0,780.0,0.0,35.4,2.1,1.8,8.1,0.0,0.0,0.0,0.0,
2020-09-21,Snacks,126.0,0.1,0.0,0.0,0.0,0.0,0.0,800.0,0.0,27.5,2.4,15.7,0.5,0.0,0.0,0.0,0.0,
2020-09-22,Breakfast,536.8,12.0,7.6,0.3,0.1,0.0,40.0,1315.1,873.3,81.0,8.9,27.9,19.9,82.4,38.9,30.2,4.5,
2020-09-22,Lunch,71.0,0.1,0.0,0.0,0.0,0.0,0.0,0.0,0.0,15.7,2.4,15.7,0.5,0.0,0.0,0.0,0.0,
2020-09-22,Dinner,835.3,24.9,0.0,0.0,0.0,0.0,0.0,1300.9,0.0,61.1,4.5,3.4,63.3,0.0,0.0,0.0,0.0,
2020-09-22,Snacks,1312.5,51.6,20.1,3.5,14.4,0.0,0.0,1450.8,698.2,182.9,4.5,75.3,31.3,0.0,0.0,57.1,10.1,
2020-09-23,Breakfast,548.3,9.0,0.9,0.3,0.1,0.0,0.0,1036.2,873.3,65.4,8.9,29.3,47.0,82.4,38.9,22.2,4.5,
2020-09-23,Dinner,541.0,9.2,0.3,0.0,0.0,0.0,0.0,390.0,0.0,27.5,2.7,3.8,59.4,0.0,0.0,0.0,0.0,
2020-09-23,Snacks,1561.3,54.5,25.4,5.0,20.5,0.8,262.6,796.8,4443.3,123.2,6.2,62.5,16.1,7.6,1.0,22.7,19.6,
2020-09-24,Breakfast,551.6,2.9,0.8,0.1,0.0,0.0,0.0,726.8,293.6,67.0,6.6,16.2,57.8,2.5,7.1,4.1,0.2,
2020-09-24,Lunch,608.0,15.6,4.4,0.0,0.0,0.0,0.0,430.0,0.0,84.5,5.8,8.9,29.1,2.0,0.0,2.0,0.0,
2020-09-24,Dinner,100.0,0.0,0.0,0.0,0.0,0.0,0.0,0.0,0.0,0.0,0.0,0.0,0.0,0.0,0.0,0.0,0.0,
2020-09-24,Snacks,1982.3,55.0,25.7,5.0,20.5,0.8,262.6,796.8,4443.3,193.2,6.2,63.9,25.1,7.6,1.0,22.7,19.6,
2020-09-25,Breakfast,466.0,2.6,0.7,0.0,0.0,0.0,0.0,806.1,0.0,60.4,5.8,9.8,40.2,0.0,0.0,0.0,0.0,
2020-09-25,Lunch,735.3,24.9,0.0,0.0,0.0,0.0,0.0,1300.9,0.0,61.1,4.5,3.4,63.3,0.0,0.0,0.0,0.0,
2020-09-25,Dinner,642.3,17.7,0.1,0.0,0.0,0.0,0.0,444.0,0.0,80.7,9.1,1.8,11.9,0.0,0.0,0.0,24.0,
2020-09-25,Snacks,1251.0,0.2,0.0,0.0,0.0,0.0,0.0,0.0,0.0,67.2,4.8,31.4,5.0,0.0,0.0,0.0,0.0,
2020-09-26,Breakfast,1852.4,101.9,34.8,4.6,17.0,0.0,690.0,840.0,204.0,44.9,2.5,3.2,60.3,21.0,9.0,12.0,15.0,
2020-09-26,Lunch,2000.0,0.0,0.0,0.0,0.0,0.0,0.0,0.0,0.0,0.0,0.0,0.0,0.0,0.0,0.0,0.0,0.0,
2020-09-26,Dinner,1737.0,59.1,36.5,0.8,8.0,0.0,60.0,2392.0,0.0,113.7,11.4,5.1,57.1,0.0,0.0,12.0,0.0,
2020-09-26,Snacks,2028.3,54.5,25.4,5.0,20.5,0.8,262.6,796.8,4443.3,120.2,6.2,62.5,16.1,7.6,1.0,22.7,19.6,
2020-09-27,Breakfast,605.3,9.8,1.4,0.3,0.1,0.0,0.0,457.4,652.3,86.8,17.1,29.1,37.0,79.4,31.9,95.2,26.5,
2020-09-27,Dinner,850.0,54.0,24.0,3.9,21.0,0.0,0.0,183.0,792.0,0.0,0.0,0.0,63.0,0.0,0.0,3.0,24.0,
2020-09-27,Snacks,586.3,25.1,4.1,0.0,0.0,0.0,0.0,0.0,0.0,59.0,6.0,2.0,29.2,0.0,0.0,0.0,0.0,
2020-09-28,Breakfast,584.5,8.8,1.3,0.0,0.0,0.0,0.0,616.0,0.0,85.4,9.4,20.2,35.8,0.0,0.0,37.5,0.0,
2020-09-28,Lunch,702.3,17.9,0.3,0.3,0.1,0.0,0.0,462.1,652.3,19.8,6.7,12.8,114.2,153.2,64.4,20.2,2.5,
2020-09-28,Dinner,730.8,43.6,0.7,0.3,0.1,0.0,0.0,574.1,1019.3,32.7,15.6,19.6,66.1,355.3,171.2,24.2,5.5,
2020-09-28,Snacks,466.3,17.1,0.0,0.0,0.0,0.0,0.0,0.0,0.0,59.5,2.4,15.7,7.3,0.0,0.0,0.0,0.0,
2020-09-29,Breakfast,781.5,12.8,2.1,0.0,0.0,0.0,0.0,729.0,0.0,116.1,15.5,28.1,41.2,0.0,0.0,52.5,0.0,
2020-09-29,Lunch,679.8,16.7,0.2,0.3,0.1,0.0,0.0,315.1,873.3,22.1,3.7,13.8,111.6,82.4,38.9,22.2,4.5,
2020-09-29,Dinner,702.5,37.3,16.1,2.9,14.0,0.0,0.0,200.1,1940.7,31.7,15.0,12.7,58.6,278.0,185.6,32.6,18.5,
2020-09-29,Snacks,466.3,17.1,0.0,0.0,0.0,0.0,0.0,0.0,0.0,59.5,2.4,15.7,7.3,0.0,0.0,0.0,0.0,
2020-09-30,Breakfast,654.5,18.6,6.7,0.0,0.0,0.0,28.0,345.0,0.0,92.0,12.8,24.3,17.5,0.0,0.0,58.1,0.0,
2020-09-30,Lunch,363.7,2.5,0.4,0.4,0.0,0.0,0.0,418.1,1664.3,69.1,17.4,17.3,17.7,553.0,324.0,29.0,13.5,
2020-09-30,Dinner,1168.8,34.7,8.8,2.2,2.1,0.0,170.0,1775.1,943.3,93.4,16.3,47.4,111.1,150.2,57.4,20.2,20.5,
2020-09-30,Snacks,455.3,17.1,0.0,0.0,0.0,0.0,0.0,800.0,0.0,65.3,2.4,15.7,7.3,0.0,0.0,0.0,0.0,
2020-10-01,Breakfast,692.3,17.4,5.1,0.0,0.0,0.0,13.2,249.0,0.0,101.5,13.7,30.2,19.6,0.0,0.0,62.6,0.0,
2020-10-01,Lunch,614.4,5.7,1.5,1.3,1.1,0.0,85.0,91.2,1129.3,92.3,3.7,11.8,46.9,82.4,38.9,23.2,10.5,
2020-10-01,Dinner,735.3,24.9,0.0,0.0,0.0,0.0,0.0,1300.9,0.0,61.1,4.5,3.4,63.3,0.0,0.0,0.0,0.0,
2020-10-01,Snacks,2737.0,39.7,0.0,0.0,0.0,0.0,0.0,37.4,256.0,94.9,0.0,0.0,11.0,0.0,0.0,3.8,1.0,
2020-10-02,Breakfast,497.6,10.3,1.6,0.0,0.0,0.0,0.0,2.5,0.0,61.2,9.4,20.5,35.0,0.0,0.0,52.5,0.0,
2020-10-02,Lunch,228.3,2.7,0.6,0.3,0.1,0.0,0.0,327.1,652.3,40.6,8.0,9.9,10.2,116.3,48.2,20.2,2.5,
2020-10-02,Dinner,1177.0,24.4,0.0,0.0,0.0,0.0,0.0,26.0,144.0,162.4,0.0,7.8,61.2,0.0,0.0,0.0,0.0,
2020-10-02,Snacks,501.3,17.6,0.3,0.0,0.0,0.0,0.0,0.0,0.0,63.9,2.4,17.1,8.3,0.0,0.0,0.0,0.0,
2020-10-03,Breakfast,665.8,22.3,4.9,2.1,4.8,0.0,364.0,352.5,116.0,80.7,11.2,21.2,23.3,10.0,0.0,56.5,8.0,
2020-10-03,Lunch,733.1,42.0,18.4,0.3,0.1,0.0,0.0,15.1,873.3,18.1,3.7,9.8,73.8,82.4,38.9,22.2,4.5,
2020-10-03,Dinner,448.8,9.3,1.6,0.3,0.1,0.0,0.0,519.1,873.3,59.9,9.1,12.5,32.1,82.4,38.9,22.2,4.5,
2020-10-03,Snacks,814.3,24.3,4.3,0.0,0.0,0.0,0.0,0.0,0.0,105.4,13.2,41.5,26.8,0.0,0.0,0.0,0.0,
2020-10-04,Breakfast,1013.6,17.3,5.5,0.0,0.0,0.0,0.0,1058.5,0.0,130.6,19.8,35.9,66.6,0.0,0.0,45.0,0.0,
2020-10-04,Lunch,483.0,16.3,4.4,0.0,0.0,0.0,0.0,1644.0,0.0,56.5,9.4,3.0,22.9,0.0,0.0,0.0,0.0,
2020-10-04,Dinner,1837.4,67.2,0.2,0.0,0.0,0.0,0.0,2.0,874.0,201.4,3.2,0.2,105.6,0.0,0.0,0.0,0.0,
2020-10-04,Snacks,1546.3,13.3,0.6,1.5,7.6,0.0,0.0,576.8,698.2,88.8,7.8,43.3,9.1,0.0,0.0,6.1,6.1,
2020-10-05,Breakfast,598.9,7.1,1.2,0.0,0.0,0.0,0.0,161.3,0.0,51.2,6.8,12.0,34.5,0.0,0.0,37.5,0.0,
2020-10-05,Lunch,847.3,14.1,3.9,3.8,3.6,0.0,297.5,760.1,1769.3,36.7,5.5,13.0,137.5,82.4,38.9,25.7,25.5,
2020-10-05,Dinner,1323.5,43.8,0.0,0.0,0.0,0.0,0.0,21.9,319.4,48.9,0.0,4.4,4.4,0.0,0.0,4.4,8.8,
2020-10-05,Snacks,745.0,2.5,0.8,0.0,0.0,0.0,0.0,240.0,0.0,58.8,3.9,24.7,6.6,0.0,0.0,0.0,0.0,
2020-10-06,Breakfast,1000.3,25.4,0.3,0.0,0.0,0.0,0.0,1300.9,0.0,65.5,4.5,4.8,64.3,0.0,0.0,0.0,0.0,
2020-10-06,Dinner,944.0,16.0,4.4,4.0,4.0,0.0,340.0,942.0,1024.0,35.6,3.6,4.4,153.0,0.0,0.0,4.0,24.0,
2020-10-06,Snacks,159.0,1.6,0.3,0.0,0.0,0.0,0.0,1580.0,0.0,31.7,2.4,17.5,2.0,0.0,0.0,0.0,0.0,
2020-10-07,Breakfast,1095.0,17.5,3.0,1.4,0.0,0.0,0.0,790.1,0.0,125.0,14.5,39.0,95.8,0.0,0.0,67.5,0.0,
2020-10-07,Lunch,1637.8,56.4,0.0,0.0,0.0,0.0,0.0,2.0,144.0,216.0,15.3,0.2,100.6,71.4,3.3,181.0,21.2,
2020-10-07,Dinner,531.8,3.1,0.1,0.0,0.0,0.0,0.0,296.0,0.0,80.2,21.4,1.2,23.8,71.4,3.3,181.0,37.2,
2020-10-07,Snacks,408.0,10.1,5.1,0.0,0.0,0.0,0.0,80.0,0.0,46.6,9.3,22.5,27.7,0.0,0.0,0.0,0.0,
2020-10-08,Breakfast,669.6,10.3,1.6,0.0,0.0,0.0,0.0,488.1,0.0,70.2,9.9,20.8,67.9,0.0,0.0,52.5,0.0,
2020-10-08,Lunch,684.7,5.7,1.5,1.5,0.0,0.0,0.0,869.0,354.4,92.6,9.4,32.0,63.8,3.0,8.6,20.0,0.3,
2020-10-08,Dinner,789.7,26.0,0.3,0.3,0.1,0.0,0.0,350.1,2470.3,92.9,29.2,17.5,56.0,163.4,259.9,68.2,42.5,
2020-10-08,Snacks,458.0,4.7,1.8,0.0,0.0,0.0,0.0,800.0,0.0,69.9,5.6,23.9,22.4,0.0,0.0,0.0,0.0,
2020-10-09,Breakfast,632.0,13.0,1.8,0.1,0.0,0.0,0.0,4.0,325.8,101.5,14.4,35.1,12.3,2.7,7.9,79.6,0.2,
2020-10-09,Lunch,86.0,2.2,0.8,0.0,0.0,0.0,0.0,1.7,0.0,10.0,3.7,4.1,13.7,0.0,0.0,0.0,0.0,
2020-10-09,Dinner,1231.0,75.7,7.6,0.0,0.0,0.0,40.0,728.6,975.0,44.3,11.6,2.5,115.1,960.0,465.0,23.0,15.0,
2020-10-09,Snacks,1810.3,49.8,16.5,1.5,7.6,0.0,0.0,576.8,698.2,130.8,3.0,32.3,23.9,0.0,0.0,6.1,6.1,
2020-10-10,Breakfast,966.0,20.7,6.6,0.0,0.0,0.0,0.0,243.4,0.0,101.4,14.7,27.0,46.2,0.0,0.0,75.0,0.0,
2020-10-10,Lunch,683.3,32.0,6.0,3.5,2.4,0.0,51.2,1026.5,274.0,72.0,2.6,10.7,27.9,10.0,12.0,3.0,20.0,
2020-10-10,Dinner,1355.6,18.5,4.7,4.1,3.7,0.0,297.5,1122.9,2567.6,120.7,22.3,25.6,168.4,161.8,82.8,47.9,53.0,
2020-10-10,Snacks,146.0,1.6,0.9,0.0,0.0,0.0,0.0,0.0,0.0,22.9,2.4,19.9,3.5,0.0,0.0,0.0,0.0,
2020-10-11,Breakfast,825.4,16.8,2.5,0.1,0.0,0.0,0.0,5.0,358.0,120.7,17.9,44.4,41.7,3.0,8.7,95.0,0.3,
2020-10-11,Lunch,1202.2,43.8,0.2,0.0,0.0,0.0,0.0,17.1,1072.3,63.5,8.8,10.4,94.2,0.0,24.0,4.0,2.0,
2020-10-11,Dinner,475.3,27.2,7.3,0.0,0.0,0.0,0.0,148.4,0.0,13.3,3.0,0.6,39.7,0.0,0.0,0.0,8.0,
2020-10-11,Snacks,652.3,23.1,11.6,0.0,0.0,0.0,0.0,1012.7,0.0,85.4,1.5,47.8,17.2,0.0,0.0,0.0,4.0,
2020-10-12,Breakfast,518.7,11.2,1.7,0.0,0.0,0.0,0.0,1.0,236.3,84.1,10.5,27.0,11.3,2.0,5.7,63.3,0.2,
2020-10-12,Lunch,1276.8,61.6,0.3,0.3,0.1,0.0,0.0,90.1,873.3,20.6,6.0,10.6,82.6,119.3,55.2,22.2,4.5,
2020-10-12,Dinner,500.0,22.6,0.0,0.0,0.0,0.0,0.0,24.0,0.0,0.0,0.0,7.6,47.6,0.0,0.0,0.0,0.0,
2020-10-12,Snacks,1317.3,56.1,26.3,5.0,20.5,0.8,262.6,796.8,4443.3,150.7,8.6,82.4,19.6,7.6,1.0,22.7,19.6,
2020-10-13,Breakfast,552.6,11.3,1.7,0.1,0.0,0.0,0.0,1.3,372.3,92.8,11.5,31.6,11.7,3.1,9.0,65.2,0.3,
2020-10-13,Lunch,631.0,11.3,3.1,3.0,3.0,0.0,255.0,518.0,768.0,26.6,6.1,1.2,96.4,0.0,0.0,3.0,34.0,
2020-10-13,Dinner,1330.3,35.7,3.0,3.0,3.0,0.0,255.0,1522.9,768.0,61.1,4.5,3.4,156.3,0.0,0.0,3.0,18.0,
2020-10-13,Snacks,86.0,1.5,0.9,0.0,0.0,0.0,0.0,400.0,0.0,11.6,0.0,4.2,3.0,0.0,0.0,0.0,0.0,
2020-10-14,Breakfast,574.6,11.6,1.8,0.0,0.0,0.0,0.0,0.3,0.0,70.2,8.8,20.1,36.7,0.0,0.0,60.0,0.0,
2020-10-14,Lunch,650.0,0.0,0.0,0.0,0.0,0.0,0.0,0.0,0.0,0.0,0.0,0.0,0.0,0.0,0.0,0.0,0.0,
2020-10-14,Dinner,1039.0,56.1,24.3,4.3,21.1,0.0,0.0,455.2,2316.7,47.8,18.7,21.0,80.4,195.8,272.7,48.4,37.0,
2020-10-14,Snacks,146.0,1.6,0.9,0.0,0.0,0.0,0.0,0.0,0.0,22.9,2.4,19.9,3.5,0.0,0.0,0.0,0.0,
2020-10-15,Breakfast,647.6,11.9,1.9,0.1,0.0,0.0,0.0,1.1,293.6,88.9,10.9,30.1,37.6,2.5,7.1,64.1,0.2,
2020-10-15,Lunch,955.6,25.7,0.2,0.3,0.1,0.0,0.0,1787.0,652.3,88.6,10.5,13.3,89.4,79.4,31.9,20.2,10.5,
2020-10-15,Dinner,1094.0,0.0,0.0,0.0,0.0,0.0,0.0,0.0,0.0,35.8,0.0,0.0,4.0,0.0,0.0,0.0,0.0,
2020-10-15,Snacks,1205.8,53.3,26.4,1.8,6.5,0.4,131.3,121.9,2124.6,96.6,8.3,91.8,28.7,23.8,66.5,12.3,8.7,
2020-10-16,Breakfast,663.6,11.9,1.9,0.1,0.0,0.0,0.0,1.3,358.0,93.0,11.4,32.3,37.8,3.0,8.7,65.0,0.3,
2020-10-16,Lunch,641.9,13.4,0.2,0.3,0.1,0.0,0.0,610.7,652.3,17.6,3.0,12.7,113.0,79.4,31.9,20.2,2.5,
2020-10-16,Dinner,2000.0,0.0,0.0,0.0,0.0,0.0,0.0,0.0,0.0,0.0,0.0,0.0,0.0,0.0,0.0,0.0,0.0,
2020-10-16,Snacks,108.0,1.5,0.9,0.0,0.0,0.0,0.0,0.0,0.0,10.2,0.0,4.2,3.0,0.0,0.0,0.0,0.0,
2020-10-17,Breakfast,619.0,11.9,1.9,0.1,0.0,0.0,0.0,1.2,311.5,87.1,11.1,30.7,37.6,2.6,7.6,64.4,0.2,
2020-10-17,Lunch,1500.0,0.0,0.0,0.0,0.0,0.0,0.0,0.0,0.0,0.0,0.0,0.0,0.0,0.0,0.0,0.0,0.0,
2020-10-17,Snacks,756.2,0.1,0.0,0.0,0.0,0.0,0.0,0.0,0.0,104.8,2.4,15.7,4.5,0.0,0.0,0.0,0.0,
2020-10-18,Breakfast,853.0,15.5,2.4,0.1,0.0,0.0,0.0,4.0,311.5,121.1,16.3,41.2,41.0,2.6,7.6,79.4,0.2,
2020-10-18,Lunch,787.5,31.8,8.4,0.0,0.0,0.0,0.0,359.1,0.0,1.8,0.0,2.2,56.1,0.0,0.0,0.0,0.0,
2020-10-18,Dinner,2196.0,93.9,3.1,0.0,0.0,0.0,0.0,0.0,1095.0,212.8,25.2,6.9,146.8,0.0,0.0,0.0,0.0,
2020-10-18,Snacks,1653.3,26.2,10.2,1.5,7.6,0.0,0.0,576.8,698.2,88.7,3.0,34.4,12.4,0.0,0.0,6.1,6.1,
2020-10-19,Breakfast,715.0,12.2,1.9,0.1,0.0,0.0,0.0,3.9,311.5,99.1,13.5,34.9,37.6,2.6,7.6,64.4,0.2,
2020-10-19,Lunch,368.0,8.9,1.4,0.0,0.0,0.0,0.0,0.0,0.0,48.0,0.0,0.0,20.7,0.0,0.0,0.0,0.0,
2020-10-19,Dinner,236.0,0.5,0.1,0.0,0.0,0.0,0.0,296.0,0.0,26.6,6.1,1.2,3.4,0.0,0.0,0.0,16.0,
2020-10-19,Snacks,1054.0,5.2,0.9,0.0,0.0,0.0,0.0,0.0,0.0,107.5,5.9,22.2,24.7,0.0,0.0,0.0,0.0,
2020-10-20,Breakfast,847.9,15.5,2.4,0.1,0.0,0.0,0.0,4.7,250.6,119.2,16.6,40.6,40.9,2.1,6.1,78.5,0.2,
2020-10-20,Lunch,877.0,6.6,1.1,0.0,0.0,0.0,0.0,0.0,0.0,12.5,0.0,0.0,3.5,0.0,0.0,0.0,0.0,
2020-10-20,Dinner,750.0,16.0,0.0,0.0,0.0,0.0,0.0,300.0,0.0,4.0,0.0,4.0,108.0,0.0,0.0,0.0,0.0,
2020-10-20,Snacks,500.0,13.1,4.3,0.0,0.0,0.0,0.0,0.0,0.0,63.7,4.8,12.1,29.1,0.0,0.0,0.0,0.0,
2020-10-21,Breakfast,854.1,15.6,2.4,0.1,0.0,0.0,0.0,4.8,275.7,120.8,16.8,41.4,40.9,2.3,6.7,78.9,0.2,
2020-10-21,Lunch,700.0,0.0,0.0,0.0,0.0,0.0,0.0,0.0,0.0,0.0,0.0,0.0,0.0,0.0,0.0,0.0,0.0,
2020-10-21,Dinner,1029.5,30.4,12.4,2.4,10.6,0.0,0.0,1022.7,1700.7,110.3,16.3,16.6,51.3,195.8,80.2,41.9,33.0,
2020-10-21,Snacks,998.8,17.7,11.9,0.0,0.0,0.0,0.0,74.0,0.0,89.6,1.5,39.9,19.2,0.0,0.0,0.0,4.0,
2020-10-22,Breakfast,726.6,12.2,1.9,0.1,0.0,0.0,0.0,1.0,358.0,102.6,4.2,13.4,38.1,3.0,8.7,65.0,0.3,
2020-10-22,Lunch,616.7,37.6,5.4,10.0,17.2,0.0,0.0,330.0,0.0,84.0,13.6,11.0,29.4,0.0,0.0,0.0,0.0,
2020-10-22,Dinner,1138.5,17.6,0.1,0.0,0.0,0.0,0.0,1185.6,0.0,92.2,8.3,5.2,121.3,0.0,0.0,0.0,16.0,
2020-10-22,Snacks,1113.0,1.6,0.9,0.0,0.0,0.0,0.0,0.0,0.0,19.9,2.4,19.9,3.5,0.0,0.0,0.0,0.0,
2020-10-23,Breakfast,874.6,15.6,2.4,0.1,0.0,0.0,0.0,5.0,358.0,126.0,17.4,44.2,41.2,3.0,8.7,80.0,0.3,
2020-10-23,Lunch,644.5,19.3,2.4,4.2,10.4,0.0,0.0,889.6,594.0,94.1,2.2,0.0,23.5,0.0,0.0,6.0,18.0,
2020-10-23,Dinner,1000.0,0.0,0.0,0.0,0.0,0.0,0.0,0.0,0.0,0.0,0.0,0.0,0.0,0.0,0.0,0.0,0.0,
2020-10-23,Snacks,1779.0,35.0,15.0,0.0,0.0,0.0,0.0,867.0,0.0,122.8,0.9,47.5,45.2,0.0,0.0,0.0,0.0,
2020-10-24,Breakfast,731.9,12.2,1.9,0.1,0.0,0.0,0.0,4.1,379.5,103.4,14.0,37.3,37.9,3.2,9.2,65.3,0.3,
2020-10-24,Lunch,1102.3,35.5,1.0,0.0,0.0,0.0,0.0,1920.9,0.0,108.3,9.7,6.0,81.3,0.0,0.0,0.0,0.0,
2020-10-24,Dinner,602.0,2.5,0.1,0.0,0.0,0.0,0.0,346.0,0.0,105.1,2.2,4.2,39.2,0.0,0.0,0.0,0.0,
2020-10-24,Snacks,1570.3,56.0,26.3,5.0,20.5,0.8,262.6,796.8,4443.3,124.4,6.2,66.7,19.1,7.6,1.0,22.7,19.6,
2020-10-25,Breakfast,641.0,12.2,1.9,0.1,0.0,0.0,0.0,3.8,279.2,91.0,13.2,33.8,37.6,2.3,6.8,63.9,0.2,
2020-10-25,Lunch,516.0,20.1,2.7,0.0,0.0,0.0,0.0,220.0,0.0,66.0,5.5,1.8,15.4,0.0,0.0,0.0,0.0,
2020-10-25,Dinner,1851.7,18.4,0.7,0.0,0.0,0.0,0.0,1612.2,0.0,134.8,20.0,16.0,117.3,0.0,0.0,0.0,24.0,
2020-10-25,Snacks,808.1,29.7,11.9,1.5,7.6,0.0,0.0,576.8,698.2,104.4,3.0,48.7,22.4,0.0,0.0,6.1,6.1,
2020-10-26,Breakfast,648.1,12.2,1.9,0.1,0.0,0.0,0.0,3.9,307.9,92.8,13.4,34.8,37.6,2.6,7.5,64.3,0.2,
2020-10-26,Lunch,911.8,18.0,0.4,0.3,0.1,0.0,0.0,417.2,873.3,119.4,5.2,12.6,70.5,119.3,55.2,22.2,4.5,
2020-10-26,Dinner,760.0,28.4,0.9,0.4,0.1,0.0,0.0,1070.2,1347.7,51.2,21.0,29.2,69.1,155.9,287.9,44.4,13.0,
2020-10-26,Snacks,477.8,17.7,11.9,0.0,0.0,0.0,0.0,74.0,0.0,56.5,1.5,39.9,17.2,0.0,0.0,0.0,4.0,
2020-10-27,Breakfast,714.1,12.2,1.9,0.1,0.0,0.0,0.0,3.9,307.9,98.8,13.4,34.8,37.6,2.6,7.5,64.3,0.2,
2020-10-27,Lunch,982.5,62.1,0.3,0.3,0.1,0.0,0.0,389.2,862.7,43.3,12.8,11.6,85.6,189.8,66.2,36.4,17.0,
2020-10-27,Dinner,448.8,3.1,0.1,0.0,0.0,0.0,0.0,333.0,0.0,83.5,22.1,1.3,24.2,71.4,3.3,181.0,39.2,
2020-10-27,Snacks,482.8,17.8,11.9,0.0,0.0,0.0,0.0,74.0,0.0,66.2,3.9,55.6,17.7,0.0,0.0,0.0,4.0,
2020-10-28,Breakfast,785.6,15.3,2.3,0.0,0.0,0.0,0.0,4.0,0.0,103.2,14.8,32.0,40.1,0.0,0.0,75.0,0.0,
2020-10-28,Lunch,788.0,18.0,0.3,0.4,0.1,0.0,0.0,544.2,1083.7,39.5,10.5,17.5,116.1,192.8,73.2,38.4,11.0,
2020-10-28,Dinner,750.0,0.0,0.0,0.0,0.0,0.0,0.0,0.0,0.0,0.0,0.0,0.0,0.0,0.0,0.0,0.0,0.0,
2020-10-28,Snacks,1152.0,1.9,1.0,0.0,0.0,0.0,0.0,1082.0,560.0,119.2,20.6,7.1,21.6,0.0,0.0,840.0,12.0,
2020-10-29,Breakfast,771.6,12.2,1.9,0.1,0.0,0.0,0.0,4.0,358.0,102.0,13.8,36.5,37.8,3.0,8.7,65.0,0.3,
2020-10-29,Lunch,835.3,24.9,0.0,0.0,0.0,0.0,0.0,1300.9,0.0,61.1,4.5,3.4,63.3,0.0,0.0,0.0,0.0,
2020-10-29,Dinner,888.8,5.3,0.4,0.3,0.1,0.0,0.0,1246.2,1433.3,132.0,27.4,13.3,62.9,82.4,38.9,862.2,24.5,
2020-10-29,Snacks,339.8,16.1,11.0,0.0,0.0,0.0,0.0,0.0,0.0,40.0,0.0,35.4,13.7,0.0,0.0,0.0,0.0,
2020-10-30,Breakfast,895.0,14.5,2.3,0.1,0.0,0.0,0.0,4.9,311.5,123.1,16.7,42.6,40.6,2.6,7.6,64.4,0.2,
2020-10-30,Lunch,534.3,5.1,1.0,0.4,0.1,0.0,0.0,1530.8,1304.7,63.4,17.2,22.9,60.1,195.8,80.2,40.4,21.0,
2020-10-30,Dinner,486.5,8.9,3.6,0.0,0.0,0.0,0.0,1.9,0.0,63.7,6.2,4.3,33.7,0.0,0.0,0.0,0.0,
2020-10-30,Snacks,847.1,29.9,11.9,1.5,7.6,0.0,0.0,650.8,698.2,120.8,6.9,64.7,23.8,0.0,0.0,6.1,10.1,
2020-10-31,Breakfast,908.0,15.6,2.4,0.1,0.0,0.0,0.0,4.9,311.5,123.1,17.1,42.6,41.0,2.6,7.6,79.4,0.2,
2020-10-31,Lunch,500.0,0.0,0.0,0.0,0.0,0.0,0.0,0.0,0.0,0.0,0.0,0.0,0.0,0.0,0.0,0.0,0.0,
2020-10-31,Dinner,1200.0,0.0,0.0,0.0,0.0,0.0,0.0,0.0,0.0,0.0,0.0,0.0,0.0,0.0,0.0,0.0,0.0,
2020-10-31,Snacks,1137.0,0.1,0.0,0.0,0.0,0.0,0.0,0.0,0.0,15.7,2.4,15.7,0.5,0.0,0.0,0.0,0.0,
2020-11-01,Breakfast,908.0,15.6,2.4,0.1,0.0,0.0,0.0,4.9,311.5,123.1,17.1,42.6,41.0,2.6,7.6,79.4,0.2,
2020-11-01,Lunch,750.0,0.0,0.0,0.0,0.0,0.0,0.0,0.0,0.0,0.0,0.0,0.0,0.0,0.0,0.0,0.0,0.0,
2020-11-01,Dinner,1229.0,12.8,0.4,0.0,0.0,0.0,0.0,202.5,1460.0,72.7,6.4,2.7,80.1,0.0,0.0,0.0,0.0,
2020-11-01,Snacks,1406.3,13.6,0.9,1.5,7.6,0.0,0.0,576.8,698.2,58.8,3.0,13.3,9.1,0.0,0.0,6.1,6.1,
2020-11-02,Breakfast,731.9,12.2,1.9,0.1,0.0,0.0,0.0,4.1,379.5,103.4,14.0,37.3,37.9,3.2,9.2,65.3,0.3,
2020-11-02,Lunch,504.3,7.5,3.1,0.0,0.0,0.0,0.0,1191.1,60.0,69.8,8.6,9.1,35.2,48.6,106.3,0.0,0.7,
2020-11-02,Dinner,641.0,8.2,3.3,0.0,0.0,0.0,0.0,894.2,468.0,90.0,17.8,18.5,45.4,36.9,194.3,8.0,2.0,
2020-11-02,Snacks,482.8,17.8,11.9,0.0,0.0,0.0,0.0,74.0,0.0,66.2,3.9,55.6,17.7,0.0,0.0,0.0,4.0,
2020-11-03,Breakfast,832.0,32.5,7.3,0.0,0.0,0.0,0.0,989.3,0.0,82.9,6.6,4.4,44.4,0.0,0.0,0.0,0.0,
2020-11-03,Lunch,367.0,10.6,1.0,0.0,0.0,0.0,0.0,620.0,0.0,47.2,5.2,2.6,18.0,0.0,0.0,0.0,0.0,
2020-11-03,Dinner,1022.0,21.4,3.0,0.0,0.0,0.0,0.0,1080.1,0.0,91.1,7.6,8.8,102.4,36.9,16.3,0.0,0.0,
2020-11-03,Snacks,482.8,17.8,11.9,0.0,0.0,0.0,0.0,74.0,0.0,66.2,3.9,55.6,17.7,0.0,0.0,0.0,4.0,
2020-11-04,Breakfast,855.0,15.6,2.4,0.1,0.0,0.0,0.0,4.8,279.2,121.0,16.8,41.5,41.0,2.3,6.8,78.9,0.2,
2020-11-04,Lunch,632.0,7.3,3.0,0.0,0.0,0.0,0.0,1715.1,560.0,110.2,23.6,7.8,28.1,36.9,16.3,840.0,0.0,
2020-11-04,Dinner,520.0,24.4,0.3,0.4,0.1,0.0,0.0,120.2,1083.7,22.2,7.5,20.5,54.0,192.8,73.2,38.4,3.0,
2020-11-04,Snacks,519.8,17.8,11.9,0.0,0.0,0.0,0.0,0.0,0.0,75.2,4.8,71.0,17.3,0.0,0.0,0.0,0.0,
